taxon,tvk,start_day,start_month,start_year,end_day,end_month,end_year
Abies alba,NHMSYS0000455513,1,1,1914,,,
Abies grandis,NHMSYS0000455520,1,1,1961,,,
Abies nordmanniana,NBNSYS0000034011,1,1,1968,,,
Abies procera,NBNSYS0000039455,1,1,1959,,,
Abutilon theophrasti,NHMSYS0000455527,1,1,1887,,,
Acacia melanoxylon,NHMSYS0000455529,1,1,1959,,,
Acaena anserinifolia,NHMSYS0000455532,1,1,1914,,,
Acaena inermis,NHMSYS0000455533,1,1,1968,,,
Acaena novae-zelandiae,NBNSYS0000031916,1,1,1901,,,
Acaena ovalifolia,NHMSYS0000455538,1,1,1921,,,
Acanthus mollis,NBNSYS0000014672,1,1,1820,,,
Acanthus spinosus,NBNSYS0000014907,1,1,1942,,,
Acer cappadocicum,NBNSYS0000014410,1,1,1977,,,
Acer negundo,NBNSYS0000014604,1,1,1913,,,
Acer platanoides,NBNSYS0000003192,1,1,1905,,,
Acer pseudoplatanus,NBNSYS0000003191,1,1,1632,,,
Acer saccharinum,NBNSYS0000004849,1,1,1959,,,
Achillea distans,NBNSYS0000004454,1,1,1844,,,
Achillea ligustica,NBNSYS0000014099,1,1,1900,,,
Aconitum lycoctonum subsp. vulparia,NHMSYS0100000362,1,1,1880,,,
Acorus calamus,NBNSYS0000002348,1,1,1668,,,
Acorus gramineus,NBNSYS0000014861,1,1,1986,,,
Acroptilon repens,NBNSYS0000014801,1,1,1948,,,
Aeonium cuneatum,NHMSYS0000455623,1,1,1963,,,
Aesculus carnea,NHMSYS0000455625,1,1,1955,,,
Aesculus hippocastanum,NBNSYS0000004580,1,1,1870,,,
Aesculus indica,NHMSYS0000455626,1,1,1989,,,
Aetheorhiza bulbosa,NBNSYS0000014877,1,1,1957,,,
Aethusa cynapium subsp. agrestis,NHMSYS0000455630,1,1,1924,,,
Agapanthus praecox,NBNSYS0000014650,1,1,1939,,,
Agave americana,NBNSYS0000013956,1,1,1826,,,
Ageratum houstonianum,NHMSYS0000455641,1,1,1914,,,
Agrostis avenacea,NHMSYS0000455670,1,1,1908,,,
Agrostis castellana,NHMSYS0000455679,1,1,1924,,,
Agrostis hyemalis,NHMSYS0000455684,1,1,1928,,,
Agrostis lachnantha,NHMSYS0100000405,1,1,1909,,,
Agrostis scabra,NBNSYS0000002642,1,1,1896,,,
Ailanthus altissima,NHMSYS0000455700,1,1,1935,,,
Alcea rosea,NBNSYS0000003141,1,1,1905,,,
Alchemilla conjuncta,NBNSYS0000003370,1,1,1812,,,
Alchemilla mollis,NBNSYS0000003383,1,1,1948,,,
Alchemilla tytthantha,NBNSYS0000014448,1,1,1956,,,
Allium carinatum,NBNSYS0000002198,1,1,1867,,,
Allium cepa,NBNSYS0000002249,1,1,1896,,,
Allium moly,NBNSYS0000014827,1,1,1838,,,
Allium neapolitanum,NBNSYS0000031594,1,1,1864,,,
Allium nigrum,NBNSYS0000014599,1,1,1866,,,
Allium paradoxum,NHMSYS0000455760,1,1,1849,,,
Allium pendulinum,NBNSYS0000034429,1,1,1977,,,
Allium porrum,NBNSYS0000002250,1,1,1935,,,
Allium roseum,NBNSYS0000002200,1,1,1837,,,
Allium sativum,NHMSYS0100000446,1,1,1837,,,
Allium subhirsutum,NBNSYS0000031655,1,1,1954,,,
Allium triquetrum,NBNSYS0000002203,1,1,1847,,,
Allium unifolium,NBNSYS0000034184,1,1,1985,,,
Alnus cordata,NHMSYS0000455770,1,1,1935,,,
Alnus incana,NBNSYS0000003836,1,1,1920,,,
Alnus rubra,NBNSYS0000042064,1,1,1968,,,
Alstroemeria aurea,NBNSYS0000014183,1,1,1950,,,
Althaea hirsuta,NBNSYS0000003140,1,1,1792,,,
Alyssum alyssoides,NBNSYS0000002859,1,1,1837,,,
Alyssum saxatile,NBNSYS0000002860,1,1,1912,,,
Amaranthus albus,NBNSYS0000003086,1,1,1872,,,
Amaranthus blitoides,NHMSYS0000455824,1,1,1929,,,
Amaranthus blitum,NBNSYS0000003087,1,1,1771,,,
Amaranthus bouchonii,NBNSYS0000033273,1,1,1949,,,
Amaranthus capensis,NBNSYS0000033340,1,1,1908,,,
Amaranthus caudatus,NBNSYS0000014653,1,1,1908,,,
Amaranthus cruentus,NBNSYS0000033863,1,1,1929,,,
Amaranthus deflexus,NBNSYS0000014648,1,1,1874,,,
Amaranthus graecizans,NBNSYS0000033472,1,1,1905,,,
Amaranthus hybridus,NBNSYS0000003085,1,1,1876,,,
Amaranthus hypochondriacus,NBNSYS0000141566,1,1,1900,,,
Amaranthus palmeri,NHMSYS0000455838,1,1,1959,,,
Amaranthus powellii,NHMSYS0000455839,1,1,1982,,,
Amaranthus quitensis,NBNSYS0000014159,1,1,1916,,,
Amaranthus retroflexus,NBNSYS0000003084,1,1,1853,,,
Amaranthus standleyanus,NHMSYS0000455842,1,1,1932,,,
Amaranthus thunbergii,NBNSYS0000033937,1,1,1909,,,
Amaryllis belladonna,NBNSYS0000034330,1,1,1957,,,
Ambrosia artemisiifolia,NBNSYS0000004360,1,1,1836,,,
Ambrosia psilostachya,NBNSYS0000033422,1,1,1902,,,
Ambrosia trifida,NBNSYS0000034422,1,1,1893,,,
Amelanchier lamarckii,NHMSYS0000455859,1,1,1887,,,
Ammi majus,NBNSYS0000003675,1,1,1821,,,
Ammi visnaga,NBNSYS0000003676,1,1,1881,,,
Ammophila breviligulata,NHMSYS0000455878,1,1,1982,,,
Amsinckia lycopsoides,NHMSYS0000455888,1,1,1877,,,
Amsinckia micrantha,NBNSYS0000031110,1,1,1910,,,
Anaphalis margaritacea,NBNSYS0000004414,1,1,1709,,,
Anchusa azurea,NHMSYS0000455909,1,1,1866,,,
Anchusa ochroleuca,NHMSYS0000455910,1,1,1922,,,
Anchusa officinalis,NBNSYS0000003998,1,1,1799,,,
Anemone apennina,NBNSYS0000002702,1,1,1724,,,
Anemone blanda,NBNSYS0000014044,1,1,1983,,,
Anemone ranunculoides,NBNSYS0000002701,1,1,1778,,,
Anethum graveolens,NBNSYS0000003698,1,1,1863,,,
Angelica archangelica,NBNSYS0000003704,1,1,1597,,,
Angelica pachycarpa,NHMSYS0100000506,1,1,1993,,,
Anisantha diandra,NBNSYS0000002577,1,1,1835,,,
Anisantha madritensis,NBNSYS0000002576,1,1,1716,,,
Anisantha rigida,NHMSYS0000455933,1,1,1834,,,
Anisantha rubens,NBNSYS0000034396,1,1,1908,,,
Anisantha tectorum,NBNSYS0000002579,1,1,1847,,,
Anthemis punctata,NBNSYS0000005394,1,1,1923,,,
Anthemis tinctoria,NBNSYS0000004447,1,1,1661,,,
Anthoxanthum aristatum,NBNSYS0000002668,1,1,1872,,,
Anthriscus cerefolium,NBNSYS0000003642,1,1,1633,,,
Anthyllis vulneraria subsp. carpatica,NBNSYS0000034401,1,1,1895,,,
Anthyllis vulneraria subsp. polyphylla,NBNSYS0000014070,1,1,1956,,,
Antirrhinum majus,NBNSYS0000004060,1,1,1762,,,
Apera interrupta,NBNSYS0000002645,1,1,1843,,,
Aponogeton distachyos,NHMSYS0000455997,1,1,1889,,,
Aptenia cordifolia,NHMSYS0000456000,1,1,1928,,,
Aquilegia pyrenaica,NBNSYS0000002743,1,1,1895,,,
Arabis arenosa,NBNSYS0000033962,1,1,1863,,,
Arabis caucasica,NHMSYS0000456009,1,1,1855,,,
Arabis collina,NBNSYS0000014080,1,1,1926,,,
Arabis turrita,NBNSYS0000002886,1,1,1722,,,
Aralia chinensis,NBNSYS0000033715,1,1,1990,,,
Aralia elata,NHMSYS0000456020,1,1,1980,,,
Aralia racemosa,NBNSYS0000034104,1,1,1926,,,
Araucaria araucana,NHMSYS0000456023,1,1,1968,,,
Arctotheca calendula,NBNSYS0000014770,1,1,1876,,,
Aremonia agrimonioides,NBNSYS0000003368,1,1,1852,,,
Arenaria balearica,NBNSYS0000003064,1,1,1805,,,
Arenaria montana,NBNSYS0000003065,1,1,1865,,,
Argemone mexicana,NBNSYS0000014727,1,1,1798,,,
Arisarum proboscideum,NBNSYS0000014162,1,1,1872,,,
Aristea ecklonii,NBNSYS0000014986,1,1,1977,,,
Aristolochia clematitis,NBNSYS0000003719,1,1,1685,,,
Aristolochia rotunda,NBNSYS0000003720,1,1,1901,,,
Aronia arbutifolia,NBNSYS0000014091,1,1,1975,,,
Aronia melanocarpa,NHMSYS0000456091,1,1,1980,,,
Artemisia abrotanum,NBNSYS0000014764,1,1,1872,,,
Artemisia annua,NBNSYS0000033325,1,1,1903,,,
Artemisia biennis,NBNSYS0000004471,1,1,1903,,,
Artemisia dracunculus,NBNSYS0000033499,1,1,1906,,,
Artemisia stelleriana,NBNSYS0000004472,1,1,1888,,,
Artemisia verlotiorum,NBNSYS0000004470,1,1,1908,,,
Arum italicum subsp. italicum,NHMSYS0000456120,1,1,1870,,,
Aruncus dioicus,NHMSYS0000456125,1,1,1950,,,
Asarina procumbens,NHMSYS0000456137,1,1,1938,,,
Asarum europaeum,NBNSYS0000003718,1,1,1640,,,
Asperugo procumbens,NBNSYS0000003983,1,1,1660,,,
Asperula arvensis,NBNSYS0000004686,1,1,1841,,,
Asperula taurina,NBNSYS0000004302,1,1,1856,,,
Asphodelus albus,NHMSYS0000456151,1,1,1970,,,
Aster laevis,NBNSYS0000004431,1,1,1894,,,
Aster lanceolatus,NBNSYS0000004433,1,1,1865,,,
Aster novae-angliae,NBNSYS0000004424,1,1,1823,,,
Aster novi-belgii,NBNSYS0000004426,1,1,1860,,,
Aster schreberi,NBNSYS0000004423,1,1,1931,,,
Astilbe japonica,NHMSYS0000456257,1,1,1908,,,
Astilbe rivularis,NHMSYS0000456258,1,1,1906,,,
Astragalus cicer,NBNSYS0000014800,1,1,1913,,,
Astragalus odoratus,NBNSYS0000003271,1,1,1930,,,
Astrantia major,NBNSYS0000003635,1,1,1841,,,
Atriplex halimus,NBNSYS0000003116,1,1,1900,,,
Atriplex hortensis,NBNSYS0000003115,1,1,1824,,,
Atriplex suberecta,NBNSYS0000014651,1,1,1950,,,
Aubrieta deltoidea,NBNSYS0000002917,1,1,1913,,,
Aucuba japonica,NBNSYS0000034210,1,1,1978,,,
Avena barbata,NBNSYS0000004859,1,1,1903,,,
Avena sativa,NBNSYS0000002615,1,1,1875,,,
Avena sterilis,NBNSYS0000013905,1,1,1903,,,
Avena strigosa,NHMSYS0000456372,1,1,1790,,,
Azolla filiculoides,NBNSYS0000002090,1,1,1883,,,
Baccharis halimifolia,NBNSYS0000142699,1,1,1924,,,
Barbarea intermedia,NHMSYS0100000754,1,1,1836,,,
Barbarea stricta,NBNSYS0000002882,1,1,1840,,,
Barbarea verna,NHMSYS0000456405,1,1,1803,,,
Bassia scoparia,NHMSYS0100000757,1,1,1866,,,
Beckmannia syzigachne,NHMSYS0000456419,1,1,1911,,,
Berberis aggregata,NHMSYS0000456430,1,1,1961,,,
Berberis buxifolia,NHMSYS0000456432,1,1,1900,,,
Berberis darwinii,NBNSYS0000014745,1,1,1915,,,
Berberis gagnepainii,NHMSYS0000456433,1,1,1984,,,
Berberis glaucocarpa,NBNSYS0000002753,1,1,1907,,,
Berberis julianae,NHMSYS0000456435,1,1,1984,,,
Berberis thunbergii,NBNSYS0000004966,1,1,1971,,,
Berberis wilsoniae,NHMSYS0000456438,1,1,1941,,,
Bergenia crassifolia,NBNSYS0000013952,1,1,1962,,,
Berteroa incana,NBNSYS0000002862,1,1,1798,,,
Beta trigyna,NBNSYS0000034200,1,1,1891,,,
Beta vulgaris subsp. cicla,NBNSYS0000034052,1,1,1955,,,
Beta vulgaris subsp. vulgaris,NHMSYS0000456453,1,1,1905,,,
Bidens bipinnata,NBNSYS0000004357,1,1,1899,,,
Bidens connata,NHMSYS0000456464,1,1,1977,,,
Bidens frondosa,NBNSYS0000004356,1,1,1899,,,
Bidens pilosa,NBNSYS0000014074,1,1,1911,,,
Blechnum cordatum,NHMSYS0000456508,1,1,1952,,,
Borago officinalis,NBNSYS0000003994,1,1,1777,,,
Borago pygmaea,NBNSYS0000003995,1,1,1932,,,
Brachiaria platyphylla,NHMSYS0100000796,1,1,1970,,,
Brachyglottis monroi,NHMSYS0000456575,1,1,1985,,,
Brachypodium distachyon,NHMSYS0000456582,1,1,1903,,,
Brassica carinata,NHMSYS0000456596,1,1,1941,,,
Brassica elongata,NBNSYS0000034323,1,1,1881,,,
Brassica juncea,NHMSYS0000456599,1,1,1876,,,
Brassica napus,NBNSYS0000002801,1,1,1660,,,
Brassica napus subsp. rapifera,NHMSYS0000456604,1,1,1905,,,
Brassica rapa subsp. campestris,NHMSYS0000456606,1,1,1899,,,
Brassica rapa subsp. oleifera,NHMSYS0000456607,1,1,1905,,,
Brassica rapa subsp. rapa,NHMSYS0000456608,1,1,1899,,,
Brassica tournefortii,NBNSYS0000014817,1,1,1904,,,
Briza maxima,NBNSYS0000002567,1,1,1860,,,
Bromopsis inermis,NHMSYS0000456651,1,1,1890,,,
Bromopsis inermis subsp. inermis,NHMSYS0000456652,1,1,1910,,,
Bromopsis inermis subsp. pumpelliana,NHMSYS0000456653,1,1,1967,,,
Bromus arvensis,NBNSYS0000002588,1,1,1763,,,
Bromus hordeaceus subsp. divaricatus,NHMSYS0100000813,1,1,1927,,,
Bromus interruptus,NHMSYS0000456674,1,1,1849,,,
Bromus japonicus,NHMSYS0100000816,1,1,1863,,,
Bromus lanceolatus,NBNSYS0000033592,1,1,1878,,,
Bromus lepidus,NHMSYS0000456675,1,1,1836,,,
Bromus pseudosecalinus,NHMSYS0000456682,1,1,1890,,,
Brunnera macrophylla,NHMSYS0000456706,1,1,1926,,,
Buddleja alternifolia,NBNSYS0000014391,1,1,1979,,,
Buddleja davidii,NHMSYS0000456713,1,1,1922,,,
Buddleja globosa,NBNSYS0000014964,1,1,1964,,,
Bunias orientalis,NBNSYS0000002858,1,1,1825,,,
Bupleurum falcatum,NBNSYS0000003660,1,1,1831,,,
Bupleurum fruticosum,NBNSYS0000003656,1,1,1905,,,
Bupleurum subovatum,NHMSYS0000456733,1,1,1839,,,
Cabomba caroliniana,NHMSYS0000456744,1,1,1969,,,
Calceolaria chelidonioides,NBNSYS0000004984,1,1,1867,,,
Calendula arvensis,NBNSYS0000004393,1,1,1823,,,
Calendula officinalis,NBNSYS0000004392,1,1,1868,,,
Calla palustris,NBNSYS0000002349,1,1,1861,,,
Callistephus chinensis,NBNSYS0000013954,1,1,1903,,,
Calotis cuneifolia,NHMSYS0000456312,1,1,1913,,,
Calystegia pulchra,NHMSYS0000456324,1,1,1850,,,
Calystegia silvatica,NHMSYS0000456330,1,1,1863,,,
Camelina microcarpa,NBNSYS0000002915,1,1,1867,,,
Camelina sativa,NBNSYS0000002914,1,1,1633,,,
Campanula alliariifolia,NBNSYS0000004291,1,1,1943,,,
Campanula fragilis,NBNSYS0000033770,1,1,1976,,,
Campanula lactiflora,NHMSYS0000456766,1,1,1954,,,
Campanula medium,NBNSYS0000004292,1,1,1870,,,
Campanula persicifolia,NBNSYS0000004286,1,1,1802,,,
Campanula portenschlagiana,NHMSYS0000456767,1,1,1922,,,
Campanula poscharskyana,NBNSYS0000033488,1,1,1957,,,
Campanula pyramidalis,NBNSYS0000033460,1,1,1883,,,
Campanula rapunculoides,NBNSYS0000004284,1,1,1708,,,
Campanula rhomboidalis,NBNSYS0000014188,1,1,1978,,,
Cannabis sativa,NBNSYS0000004692,1,1,1799,,,
Capsella rubella,NHMSYS0000456782,1,1,1928,,,
Capsicum annuum,NBNSYS0000033294,1,1,1930,,,
Cardamine corymbosa,NHMSYS0000456788,1,1,1975,,,
Cardamine heptaphylla,NHMSYS0000456792,1,1,1907,,,
Cardamine raphanifolia,NHMSYS0000456797,1,1,1930,,,
Cardamine trifolia,NBNSYS0000002877,1,1,1903,,,
Carduus pycnocephalus,NBNSYS0000004485,1,1,1868,,,
Carex buchananii,NHMSYS0100000892,1,1,1990,,,
Carex vulpinoidea,NHMSYS0000456913,1,1,1880,,,
Carpobrotus acinaciformis,NHMSYS0000456941,1,1,1911,,,
Carpobrotus edulis,NHMSYS0000456945,1,1,1886,,,
Carpobrotus glaucescens,NBNSYS0000014131,1,1,1947,,,
Carthamus lanatus,NBNSYS0000014160,1,1,1876,,,
Carthamus tinctorius,NBNSYS0000014665,1,1,1899,,,
Catananche caerulea,NHMSYS0100000961,1,1,1988,,,
Cedrus atlantica,NHMSYS0000457001,1,1,1986,,,
Cedrus deodara,NHMSYS0000457002,1,1,1968,,,
Cedrus libani,NHMSYS0000457003,1,1,1968,,,
Celastrus orbiculatus,NHMSYS0100000968,1,1,1985,,,
Cenchrus echinatus,NBNSYS0000014250,1,1,1969,,,
Centaurea aspera,NBNSYS0000004509,1,1,1788,,,
Centaurea diluta,NBNSYS0000004703,1,1,1904,,,
Centaurea macrocephala,NBNSYS0100002228,1,1,1920,,,
Centaurea melitensis,NBNSYS0000004512,1,1,1876,,,
Centaurea montana,NBNSYS0000004502,1,1,1845,,,
Centaurea solstitialis,NBNSYS0000004511,1,1,1778,,,
Centranthus calcitrapae,NBNSYS0000034034,1,1,1770,,,
Centranthus ruber,NBNSYS0000004346,1,1,1763,,,
Cephalaria gigantea,NHMSYS0000344465,1,1,1915,,,
Cerastium brachypetalum,NBNSYS0000003024,1,1,1947,,,
Cerastium tomentosum,NBNSYS0000003018,1,1,1909,,,
Ceratochloa brevis,NHMSYS0000457088,1,1,1961,,,
Ceratochloa carinata,NHMSYS0000457089,1,1,1919,,,
Ceratochloa cathartica,NBNSYS0000002591,1,1,1854,,,
Ceratochloa marginata,NHMSYS0000457090,1,1,1907,,,
Ceratochloa staminea,NBNSYS0000034009,1,1,1958,,,
Chaenomeles japonica,NBNSYS0100002280,1,1,1972,,,
Chaenomeles speciosa,NBNSYS0000033371,1,1,1963,,,
Chaenorhinum origanifolium,NBNSYS0000004073,1,1,1899,,,
Chaerophyllum aureum,NBNSYS0000003639,1,1,1810,,,
Chaerophyllum hirsutum,NBNSYS0000014844,1,1,1970,,,
Chamaecyparis lawsoniana,NHMSYS0000457113,1,1,1958,,,
Chamaecyparis pisifera,NBNSYS0000034351,1,1,1968,,,
Chasmanthe bicolor,NHMSYS0000457241,1,1,1960,,,
Chenopodium ambrosioides,NBNSYS0000004843,1,1,1866,,,
Chenopodium berlandieri,NBNSYS0000003094,1,1,1904,,,
Chenopodium bushianum,NBNSYS0000034358,1,1,1938,,,
Chenopodium capitatum,NHMSYS0000457257,1,1,1888,,,
Chenopodium carinatum,NHMSYS0000457259,1,1,1911,,,
Chenopodium cristatum,NHMSYS0000457260,1,1,1947,,,
Chenopodium desiccatum,NHMSYS0000457261,1,1,1901,,,
Chenopodium giganteum,NHMSYS0000457263,1,1,1926,,,
Chenopodium hircinum,NHMSYS0000457265,1,1,1898,,,
Chenopodium multifidum,NBNSYS0000014714,1,1,1870,,,
Chenopodium nitrariaceum,NHMSYS0000457268,1,1,1961,,,
Chenopodium opulifolium,NHMSYS0000457269,1,1,1853,,,
Chenopodium probstii,NBNSYS0000034425,1,1,1930,,,
Chenopodium pumilio,NHMSYS0000345175,1,1,1911,,,
Chenopodium strictum,NBNSYS0000033615,1,1,1905,,,
Chenopodium suecicum,NBNSYS0000003092,1,1,1844,,,
Chimonobambusa quadrangularis,NHMSYS0000457287,1,1,1993,,,
Chionodoxa forbesii,NBNSYS0000005410,1,1,1968,,,
Chionodoxa luciliae,NBNSYS0000163712,1,1,1966,,,
Chionodoxa sardensis,NHMSYS0000457294,1,1,1981,,,
Chloris divaricata,NHMSYS0000457296,1,1,1955,,,
Chloris truncata,NHMSYS0000457297,1,1,1915,,,
Chloris virgata,NBNSYS0000014870,1,1,1858,,,
Choisya ternata,NBNSYS0000033315,1,1,1980,,,
Chrysocoma coma-aurea,NBNSYS0000034016,1,1,1914,,,
Chrysocoma tenuifolia,NHMSYS0000457319,1,1,1957,,,
Cicer arietinum,NBNSYS0000013994,1,1,1865,,,
Cicerbita bourgaei,NBNSYS0000004547,1,1,1940,,,
Cicerbita macrophylla,NBNSYS0000004548,1,1,1915,,,
Cicerbita plumieri,NBNSYS0000005447,1,1,1917,,,
Cirsium erisithales,NBNSYS0000034371,1,1,1980,,,
Cirsium oleraceum,NBNSYS0000004493,1,1,1861,,,
Citrullus lanatus,NBNSYS0000033927,1,1,1921,,,
Clarkia amoena,NHMSYS0000457364,1,1,1902,,,
Clarkia unguiculata,NHMSYS0000457369,1,1,1912,,,
Claytonia perfoliata,NBNSYS0000003079,1,1,1849,,,
Claytonia sibirica,NBNSYS0000003080,1,1,1837,,,
Clematis flammula,NBNSYS0000002705,1,1,1927,,,
Clematis montana,NBNSYS0000002706,1,1,1928,,,
Clematis tangutica,NBNSYS0000033317,1,1,1965,,,
Clematis viticella,NBNSYS0000002707,1,1,1880,,,
Cochlearia megalosperma,NHMSYS0100001049,1,1,1910,,,
Coincya monensis subsp. cheiranthos,NHMSYS0100001058,1,1,1852,,,
Colutea arborescens,NBNSYS0000003266,1,1,1900,,,
Conringia orientalis,NBNSYS0000002827,1,1,1724,,,
Consolida ajacis,NBNSYS0000002698,1,1,1650,,,
Conyza bonariensis,NHMSYS0000457482,1,1,1843,,,
Conyza canadensis,NHMSYS0000457483,1,1,1690,,,
Conyza sumatrensis,NHMSYS0000457486,1,1,1961,,,
Coprosma repens,NHMSYS0000457490,1,1,1963,,,
Cordyline australis,NHMSYS0000457497,1,1,1965,,,
Coreopsis grandiflora,NBNSYS0000013900,1,1,1912,,,
Coriandrum sativum,NBNSYS0000003651,1,1,1793,,,
Corispermum leptopterum,NHMSYS0100001077,1,1,1962,,,
Cornus alba,NBNSYS0000033585,1,1,1875,,,
Cornus mas,NBNSYS0000003628,1,1,1927,,,
Cornus sericea,NBNSYS0000003627,1,1,1838,,,
Coronilla scorpioides,NHMSYS0000457516,1,1,1859,,,
Coronilla valentina,NBNSYS0000003277,1,1,1949,,,
Coronopus didymus,NHMSYS0000457520,1,1,1778,,,
Cortaderia richardii,NHMSYS0100001080,1,1,1993,,,
Cortaderia selloana,NHMSYS0000457526,1,1,1925,,,
Corydalis cava,NHMSYS0000457530,1,1,1656,,,
Corydalis cheilanthifolia,NHMSYS0000457531,1,1,1981,,,
Corydalis solida,NBNSYS0000002778,1,1,1796,,,
Corylus maxima,NHMSYS0000457540,1,1,1975,,,
Cosmos bipinnatus,NBNSYS0000014161,1,1,1930,,,
Cotoneaster 'Hybridus Pendulus' nom. nud.,NHMSYS0000455436,1,1,1984,,,
Cotoneaster adpressus,NBNSYS0000034370,1,1,1984,,,
Cotoneaster affinis,NHMSYS0000457552,1,1,1971,,,
Cotoneaster amoenus,NHMSYS0000457554,1,1,1981,,,
Cotoneaster apiculatus,NBNSYS0100002622,1,1,1992,,,
Cotoneaster ascendens,NHMSYS0000457556,1,1,1995,,,
Cotoneaster astrophoros,NBNSYS0100002624,1,1,1994,,,
Cotoneaster atropurpureus,NHMSYS0000457558,1,1,1963,,,
Cotoneaster bacillaris,NHMSYS0000457559,1,1,1923,,,
Cotoneaster boisianus,NBNSYS0100002625,1,1,1995,,,
Cotoneaster bullatus,NBNSYS0000004710,1,1,1952,,,
Cotoneaster cambricus,NHMSYS0000457567,1,1,1821,,,
Cotoneaster cashmiriensis,NHMSYS0000457568,1,1,1991,,,
Cotoneaster cochleatus,NHMSYS0000457571,1,1,1954,,,
Cotoneaster congestus,NBNSYS0000014728,1,1,1988,,,
Cotoneaster conspicuus,NHMSYS0000457572,1,1,1984,,,
Cotoneaster cooperi,NHMSYS0000457574,1,1,1985,,,
Cotoneaster dammeri,NHMSYS0000457575,1,1,1976,,,
Cotoneaster dielsianus,NHMSYS0000457576,1,1,1965,,,
Cotoneaster divaricatus,NHMSYS0000457577,1,1,1974,,,
Cotoneaster ellipticus nom. inval.,NHMSYS0000465515,1,1,1959,,,
Cotoneaster fangianus,NBNSYS0100002626,1,1,1990,,,
Cotoneaster franchetii,NBNSYS0000004711,1,1,1968,,,
Cotoneaster frigidus,NHMSYS0000457582,1,1,1918,,,
Cotoneaster henryanus,NBNSYS0100002627,1,1,1985,,,
Cotoneaster hissaricus,NBNSYS0000014874,1,1,1985,,,
Cotoneaster hjelmqvistii,NHMSYS0000457586,1,1,1981,,,
Cotoneaster horizontalis,NHMSYS0000457587,1,1,1940,,,
Cotoneaster hsingshangensis,NHMSYS0000457592,1,1,1986,,,
Cotoneaster hummelii,NHMSYS0000457594,1,1,1987,,,
Cotoneaster hylmoei,NBNSYS0100002628,1,1,1993,,,
Cotoneaster ignotus,NHMSYS0000457597,1,1,1983,,,
Cotoneaster insculptus,NBNSYS0000014170,1,1,1984,,,
Cotoneaster integrifolius,NHMSYS0000457600,1,1,1895,,,
Cotoneaster lacteus,NHMSYS0000457601,1,1,1968,,,
Cotoneaster laetevirens,NHMSYS0000457602,1,1,1983,,,
Cotoneaster lucidus,NHMSYS0000457606,1,1,1983,,,
Cotoneaster mairei,NHMSYS0000457607,1,1,1978,,,
Cotoneaster marginatus,NHMSYS0100001111,1,1,1923,,,
Cotoneaster microphyllus agg.,NBNSYS0000042602,1,1,1890,,,
Cotoneaster microphyllus sens.str.,NBNSYS0500000171,1,1,1905,,,
Cotoneaster monopyrenus,NHMSYS0000457611,1,1,1981,,,
Cotoneaster moupinensis,NHMSYS0000457612,1,1,1966,,,
Cotoneaster mucronatus,NHMSYS0000457613,1,1,1987,,,
Cotoneaster nanshan,NHMSYS0000457616,1,1,1985,,,
Cotoneaster nitens,NHMSYS0000457617,1,1,1982,,,
Cotoneaster nitidus,NBNSYS0000005398,1,1,1985,,,
Cotoneaster obscurus,NBNSYS0100002632,1,1,1994,,,
Cotoneaster obtusus,NHMSYS0000457620,1,1,1987,,,
Cotoneaster pannosus,NBNSYS0000014876,1,1,1972,,,
Cotoneaster prostratus,NBNSYS0100002633,1,1,1989,,,
Cotoneaster pseudoambiguus,NHMSYS0000457622,1,1,1990,,,
Cotoneaster rehderi,NBNSYS0000034382,1,1,1981,,,
Cotoneaster rotundifolius,NHMSYS0100001124,1,1,1957,,,
Cotoneaster salicifolius,NHMSYS0000457626,1,1,1966,,,
Cotoneaster sherriffii,NBNSYS0100002635,1,1,1985,,,
Cotoneaster simonsii,NBNSYS0000003424,1,1,1910,,,
Cotoneaster splendens,NHMSYS0000457630,1,1,1981,,,
Cotoneaster sternianus,NBNSYS0000033983,1,1,1969,,,
Cotoneaster tengyuehensis,NHMSYS0000457631,1,1,1990,,,
Cotoneaster thymifolius,NHMSYS0100001127,1,1,1934,,,
Cotoneaster tomentellus,NBNSYS0100002636,1,1,1993,,,
Cotoneaster transens,NHMSYS0000457633,1,1,1971,,,
Cotoneaster villosulus,NHMSYS0000457636,1,1,1983,,,
Cotoneaster vilmorinianus,NBNSYS0100002637,1,1,1978,,,
Cotoneaster wardii,NBNSYS0100002638,1,1,1994,,,
Cotoneaster zabelii,NHMSYS0000457641,1,1,1977,,,
Cotula australis,NHMSYS0000457643,1,1,1908,,,
Cotula coronopifolia,NBNSYS0000004468,1,1,1869,,,
Cotula dioica,NHMSYS0000457644,1,1,1956,,,
Cotula squalida,NHMSYS0000457646,1,1,1913,,,
Crambe cordifolia,NBNSYS0000002822,1,1,1966,,,
Crassula decumbens,NBNSYS0000014052,1,1,1959,,,
Crassula helmsii,NBNSYS0000004639,1,1,1956,,,
Crassula pubescens,NBNSYS0000013907,1,1,1970,,,
Crataegus coccinea,NHMSYS0020116740,1,1,1982,,,
Crataegus coccinioides,NBNSYS0000033766,1,1,1970,,,
Crataegus crus-galli,NBNSYS0000003434,1,1,1912,,,
Crataegus heterophylla,NHMSYS0000457668,1,1,1930,,,
Crataegus orientalis,NHMSYS0000457673,1,1,1918,,,
Crataegus persimilis,NBNSYS0000033525,1,1,1934,,,
Crataegus submollis,NBNSYS0000033468,1,1,1957,,,
Crataegus succulenta,NHMSYS0000457677,1,1,1958,,,
Crepis nicaeensis,NHMSYS0000457689,1,1,1874,,,
Crepis setosa,NBNSYS0000004573,1,1,1843,,,
Crepis tectorum,NBNSYS0000013946,1,1,1872,,,
Crepis vesicaria,NBNSYS0000004572,1,1,1713,,,
Crocosmia masoniorum,NHMSYS0000457713,1,1,1982,,,
Crocosmia paniculata,NHMSYS0000344498,1,1,1961,,,
Crocosmia pottsii,NHMSYS0000457715,1,1,1982,,,
Crocus ancyrensis,NHMSYS0100001153,1,1,1992,,,
Crocus biflorus,NHMSYS0000457721,1,1,1830,,,
Crocus chrysanthus,NHMSYS0000457724,1,1,1983,,,
Crocus kotschyanus,NBNSYS0000033798,1,1,1929,,,
Crocus longiflorus,NHMSYS0100001157,1,1,1992,,,
Crocus nudiflorus,NHMSYS0000457725,1,1,1738,,,
Crocus pulchellus,NHMSYS0000457726,1,1,1983,,,
Crocus serotinus,NHMSYS0100001159,1,1,1992,,,
Crocus sieberi,NHMSYS0000457731,1,1,1984,,,
Crocus speciosus,NHMSYS0000457732,1,1,1972,,,
Crocus tommasinianus,NHMSYS0000457733,1,1,1963,,,
Crocus vernus,NBNSYS0000002273,1,1,1763,,,
Crocus vernus subsp. albiflorus,NHMSYS0100001161,1,1,1908,,,
Cryptomeria japonica,NHMSYS0000457746,1,1,1965,,,
Cucubalus baccifer,NBNSYS0000003005,1,1,1570,,,
Cucumis melo,NBNSYS0000014732,1,1,1928,,,
Cucumis sativus,NBNSYS0000034128,1,1,1909,,,
Cucurbita maxima,NBNSYS0000033879,1,1,1928,,,
Cucurbita pepo,NBNSYS0000014747,1,1,1927,,,
Cuminum cyminum,NBNSYS0000014748,1,1,1832,,,
Cupressus macrocarpa,NHMSYS0000457766,1,1,1968,,,
Cuscuta campestris,NHMSYS0000457774,1,1,1927,,,
Cyclamen coum,NHMSYS0000457794,1,1,1920,,,
Cyclamen hederifolium,NBNSYS0000003933,1,1,1597,,,
Cyclamen repandum,NHMSYS0000457796,1,1,1925,,,
Cydonia oblonga,NHMSYS0000457803,1,1,1878,,,
Cymbalaria hepaticifolia,NHMSYS0000457805,1,1,1965,,,
Cymbalaria muralis,NHMSYS0000457806,1,1,1640,,,
Cymbalaria muralis subsp. muralis,NHMSYS0000457807,1,1,1640,,,
Cymbalaria muralis subsp. visianii,NHMSYS0000457808,1,1,1970,,,
Cymbalaria pallida,NBNSYS0000004077,1,1,1924,,,
Cynara cardunculus,NBNSYS0000033500,1,1,1904,,,
Cynodon dactylon,NBNSYS0000002681,1,1,1688,,,
Cynodon incompletus,NBNSYS0000004931,1,1,1950,,,
Cynoglottis barrelieri,NBNSYS0000033923,1,1,1963,,,
Cynosurus echinatus,NBNSYS0000002564,1,1,1778,,,
Cyperus eragrostis,NBNSYS0000014083,1,1,1909,,,
Cyrtomium falcatum,NHMSYS0000457839,1,1,1956,,,
Cytisus multiflorus,NHMSYS0000457859,1,1,1957,,,
Cytisus nigricans,NBNSYS0000034411,1,1,1970,,,
Cytisus striatus,NBNSYS0000014695,1,1,1963,,,
Dactylis polygama,NHMSYS0000457868,1,1,1934,,,
Dactyloctenium radulans,NHMSYS0000457870,1,1,1915,,,
Dahlia pinnata,NBNSYS0000014195,1,1,1969,,,
Darmera peltata,NHMSYS0000458002,1,1,1926,,,
Datura ferox,NBNSYS0000034268,1,1,1953,,,
Datura stramonium,NBNSYS0000004044,1,1,1777,,,
Daucus carota subsp. sativus,NBNSYS0000014851,1,1,1928,,,
Daucus glochidiatus,NHMSYS0000458016,1,1,1908,,,
Delairea odorata,NHMSYS0000458028,1,1,1923,,,
Deutzia scabra,NHMSYS0100001289,1,1,1963,,,
Dianthus barbatus,NBNSYS0000003007,1,1,1805,,,
Dianthus caryophyllus,NBNSYS0000003010,1,1,1745,,,
Dianthus gallicus,NBNSYS0000003011,1,1,1892,,,
Dianthus plumarius,NBNSYS0000003009,1,1,1724,,,
Dicentra formosa,NHMSYS0000458071,1,1,1888,,,
Dichondra micrantha,NHMSYS0000458079,1,1,1955,,,
Dicksonia antarctica,NBNSYS0000033530,1,1,1960,,,
Digitalis lutea,NBNSYS0000004842,1,1,1919,,,
Digitaria ciliaris,NBNSYS0000033482,1,1,1859,,,
Digitaria ischaemum,NHMSYS0000458099,1,1,1805,,,
Digitaria sanguinalis,NBNSYS0000002684,1,1,1690,,,
Diplotaxis erucoides,NBNSYS0000002813,1,1,1859,,,
Diplotaxis muralis,NBNSYS0000002811,1,1,1778,,,
Dipsacus laciniatus,NBNSYS0100002864,1,1,1905,,,
Dipsacus sativus,NBNSYS0000004724,1,1,1762,,,
Dipsacus strigosus,NBNSYS0000004725,1,1,1828,,,
Disphyma crassifolium,NHMSYS0000458125,1,1,1936,,,
Dittrichia graveolens,NBNSYS0000004400,1,1,1913,,,
Dittrichia viscosa,NBNSYS0000004399,1,1,1876,,,
Doronicum columnae,NBNSYS0000033421,1,1,1979,,,
Doronicum pardalianches,NBNSYS0000004384,1,1,1633,,,
Doronicum plantagineum,NBNSYS0000004385,1,1,1800,,,
Downingia elegans,NHMSYS0000458144,1,1,1978,,,
Dracunculus vulgaris,NBNSYS0000033917,1,1,1918,,,
Drosanthemum floribundum,NBNSYS0000014144,1,1,1921,,,
Duchesnea indica,NHMSYS0000458226,1,1,1879,,,
Ecballium elaterium,NHMSYS0000458250,1,1,1906,,,
Echinochloa colona,NBNSYS0000033986,1,1,1906,,,
Echinochloa crus-galli,NHMSYS0000458258,1,1,1690,,,
Echinochloa esculenta,NHMSYS0000458260,1,1,1971,,,
Echinochloa frumentacea,NBNSYS0000034368,1,1,1918,,,
Echinops bannaticus,NHMSYS0000458271,1,1,1913,,,
Echinops exaltatus,NHMSYS0000458273,1,1,1931,,,
Echinops sphaerocephalus,NBNSYS0000004477,1,1,1908,,,
Echium pininana,NHMSYS0000458279,1,1,1971,,,
Echium rosulatum,NBNSYS0000004997,1,1,1927,,,
Egeria densa,NHMSYS0000458284,1,1,1950,,,
Ehrharta stipoides,NBNSYS0000034112,1,1,1959,,,
Elaeagnus macrophylla,NHMSYS0100001374,1,1,1984,,,
Elaeagnus umbellata,NBNSYS0000033903,1,1,1971,,,
Eleusine indica,NHMSYS0000458316,1,1,1872,,,
Eleusine indica subsp. africana,NHMSYS0000458317,1,1,1917,,,
Eleusine indica subsp. indica,NHMSYS0000458318,1,1,1905,,,
Eleusine multiflora,NHMSYS0000458319,1,1,1950,,,
Eleusine tristachya,NBNSYS0000034327,1,1,1972,,,
Elodea callitrichoides,NHMSYS0000458324,1,1,1948,,,
Elodea canadensis,NHMSYS0000458325,1,1,1842,,,
Elodea nuttallii,NHMSYS0000458329,1,1,1966,,,
Elymus scabrus,NHMSYS0000458348,1,1,1957,,,
Epilobium brunnescens,NHMSYS0000458396,1,1,1904,,,
Epilobium ciliatum,NHMSYS0000458397,1,1,1891,,,
Epilobium komarovianum,NHMSYS0000458398,1,1,1961,,,
Epilobium pedunculare,NHMSYS0000458404,1,1,1931,,,
Equisetum ramosissimum,NBNSYS0000002014,1,1,1947,,,
Eragrostis cilianensis,NHMSYS0000458500,1,1,1904,,,
Eragrostis curvula,NHMSYS0000458501,1,1,1915,,,
Eragrostis minor,NBNSYS0000033574,1,1,1898,,,
Eragrostis parviflora,NHMSYS0000458509,1,1,1950,,,
Eragrostis pilosa,NHMSYS0000458512,1,1,1926,,,
Eragrostis tef,NBNSYS0000014068,1,1,1961,,,
Eranthis hyemalis,NBNSYS0000002695,1,1,1838,,,
Erepsia heteropetala,NBNSYS0000013988,1,1,1957,,,
Erica arborea,NHMSYS0100001467,1,1,1984,,,
Erica lusitanica,NBNSYS0000003911,1,1,1905,,,
Erica terminalis,NBNSYS0000003910,1,1,1908,,,
Erigeron annuus,NBNSYS0000034400,1,1,1902,,,
Erigeron glaucus,NHMSYS0000458539,1,1,1942,,,
Erigeron karvinskianus,NBNSYS0000004440,1,1,1860,,,
Erigeron philadelphicus,NBNSYS0000013928,1,1,1916,,,
Erinus alpinus,NBNSYS0000004093,1,1,1867,,,
Eriochloa pseudoacrotricha,NHMSYS0000458551,1,1,1915,,,
Erodium botrys,NBNSYS0000004854,1,1,1909,,,
Erodium brachycarpum,NHMSYS0000458560,1,1,1917,,,
Erodium chium,NBNSYS0000033078,1,1,1858,,,
Erodium crinitum,NBNSYS0000033088,1,1,1851,,,
Erodium cygnorum,NBNSYS0000013964,1,1,1865,,,
Erodium cygnorum subsp. cygnorum,NHMSYS0000458565,1,1,1953,,,
Erodium cygnorum subsp. glandulosum,NBNSYS0000034096,1,1,1958,,,
Erodium malacoides,NHMSYS0000458572,1,1,1888,,,
Erodium manescavii,NHMSYS0100001480,1,1,1964,,,
Eruca vesicaria,NBNSYS0000002814,1,1,1859,,,
Erucastrum gallicum,NHMSYS0000458593,1,1,1863,,,
Eryngium amethystinum,NBNSYS0000034198,1,1,1963,,,
Eryngium giganteum,NHMSYS0000458599,1,1,1937,,,
Eryngium planum,NBNSYS0000005496,1,1,1951,,,
Erythronium dens-canis,NHMSYS0100001496,1,1,1965,,,
Escallonia macrantha,NBNSYS0000004618,1,1,1905,,,
Eschscholzia californica,NBNSYS0000002776,1,1,1864,,,
Eucalyptus globulus,NHMSYS0000458616,1,1,1979,,,
Eucalyptus gunnii,NHMSYS0000458617,1,1,1887,,,
Eucalyptus johnstonii,NBNSYS0000033704,1,1,1996,,,
Eucalyptus pulchella,NBNSYS0000034290,1,1,1963,,,
Eucalyptus urnigera,NHMSYS0000458621,1,1,1996,,,
Eucalyptus viminalis,NHMSYS0000458622,1,1,1996,,,
Euonymus japonicus,NHMSYS0000458626,1,1,1897,,,
Euonymus latifolius,NHMSYS0000458627,1,1,1903,,,
Euphorbia amygdaloides subsp. robbiae,NHMSYS0000344590,1,1,1977,,,
Euphorbia characias,NBNSYS0000005495,1,1,1797,,,
Euphorbia characias subsp. veneta,NHMSYS0000458632,1,1,1953,,,
Euphorbia corallioides,NBNSYS0000003727,1,1,1808,,,
Euphorbia cyparissias,NBNSYS0000003740,1,1,1799,,,
Euphorbia dulcis,NBNSYS0000003729,1,1,1849,,,
Euphorbia esula,NBNSYS0000003739,1,1,1804,,,
Euphorbia maculata,NBNSYS0000005471,1,1,1917,,,
Euphorbia oblongata,NHMSYS0100001501,1,1,1938,,,
Euphorbia waldsteinii,NHMSYS0000458638,1,1,1937,,,
Euphrasia stricta,NHMSYS0000458681,1,1,1893,,,
Fagopyrum dibotrys,NHMSYS0000458705,1,1,1961,,,
Fagopyrum esculentum,NBNSYS0000003767,1,1,1597,,,
Falcaria vulgaris,NBNSYS0000003677,1,1,1858,,,
Fallopia baldschuanica,NBNSYS0000003761,1,1,1936,,,
Fallopia japonica,NHMSYS0000458716,1,1,1886,,,
Fallopia sachalinensis,NHMSYS0000458719,1,1,1896,,,
Fargesia spathacea,NBNSYS0100003186,1,1,1964,,,
Fascicularia bicolor,NHMSYS0100001565,1,1,1962,,,
Fatsia japonica,NHMSYS0000458739,1,1,1989,,,
Ferula communis,NBNSYS0000004863,1,1,1956,,,
Festuca brevipila,NHMSYS0000458760,1,1,1830,,,
Festuca gautieri,NHMSYS0000458769,1,1,1992,,,
Festuca heterophylla,NBNSYS0000002512,1,1,1874,,,
Festuca rubra subsp. megastachys,NBNSYS0000033730,1,1,1966,,,
Ficus carica,NBNSYS0000003823,1,1,1918,,,
Filipendula kamtschatica,NBNSYS0000033944,1,1,1965,,,
Fragaria moschata,NHMSYS0000458881,1,1,1810,,,
Fuchsia magellanica,NBNSYS0000003603,1,1,1857,,,
Fumaria reuteri,NHMSYS0000458916,1,1,1904,,,
Galanthus caucasicus,NBNSYS0000014304,1,1,1984,,,
Galanthus elwesii,NHMSYS0000458933,1,1,1957,,,
Galanthus ikariae,NBNSYS0000033406,1,1,1984,,,
Galanthus nivalis,NBNSYS0000002253,1,1,1776,,,
Galanthus plicatus,NHMSYS0000458938,1,1,1947,,,
Galanthus plicatus subsp. byzantinus,NHMSYS0000458939,1,1,1986,,,
Galanthus reginae-olgae,NHMSYS0000458941,1,1,1995,,,
Galega officinalis,NBNSYS0000003264,1,1,1640,,,
Galinsoga parviflora,NBNSYS0000004358,1,1,1861,,,
Galinsoga quadriradiata,NHMSYS0000458958,1,1,1909,,,
Galium spurium,NBNSYS0000004320,1,1,1784,,,
Gastridium phleoides,NHMSYS0000458989,1,1,1906,,,
Gaultheria mucronata,NHMSYS0000458993,1,1,1903,,,
Gaultheria procumbens,NBNSYS0000003897,1,1,1938,,,
Gaultheria shallon,NBNSYS0000003896,1,1,1914,,,
Gazania rigens,NHMSYS0000458999,1,1,1866,,,
Genista aetnensis,NBNSYS0000013930,1,1,1977,,,
Genista hispanica,NBNSYS0000014128,1,1,1927,,,
Genista monspessulana,NHMSYS0000459004,1,1,1915,,,
Gentiana asclepiadea,NBNSYS0000013974,1,1,1867,,,
Gentiana clusii,NHMSYS0000459012,1,1,1960,,,
Geranium endressii,NHMSYS0000459034,1,1,1906,,,
Geranium himalayense,NBNSYS0000004981,1,1,1976,,,
Geranium ibericum,NBNSYS0000005463,1,1,1922,,,
Geranium macrorrhizum,NBNSYS0000003154,1,1,1888,,,
Geranium maderense,NBNSYS0000033536,1,1,1978,,,
Geranium nodosum,NBNSYS0000003151,1,1,1801,,,
Geranium phaeum,NBNSYS0000003152,1,1,1724,,,
Geranium platypetalum,NHMSYS0000459038,1,1,1987,,,
Geranium psilostemon,NHMSYS0000345279,1,1,1966,,,
Geranium pyrenaicum,NHMSYS0000459043,1,1,1762,,,
Geranium rubescens,NBNSYS0000034150,1,1,1930,,,
Geranium submolle,NBNSYS0000014416,1,1,1926,,,
Geranium versicolor,NBNSYS0000003150,1,1,1820,,,
Geum macrophyllum,NBNSYS0000003362,1,1,1908,,,
Gladiolus communis,NBNSYS0000002280,1,1,1862,,,
Glebionis coronaria,NHMSYS0020110560,1,1,1897,,,
Glycine max,NBNSYS0000014913,1,1,1923,,,
Gnaphalium purpureum,NBNSYS0000033438,1,1,1913,,,
Gnaphalium undulatum,NBNSYS0000004413,1,1,1888,,,
Grindelia stricta,NBNSYS0000033947,1,1,1961,,,
Griselinia littoralis,NBNSYS0000014409,1,1,1957,,,
Guizotia abyssinica,NHMSYS0000459160,1,1,1861,,,
Gunnera manicata,NHMSYS0000459162,1,1,1935,,,
Gunnera tinctoria,NHMSYS0000459164,1,1,1908,,,
Gypsophila paniculata,NBNSYS0000033332,1,1,1884,,,
Hainardia cylindrica,NBNSYS0000034037,1,1,1924,,,
Haloragis micrantha,NHMSYS0000459206,1,1,1988,,,
Hebe barkeri,NHMSYS0000459233,1,1,1995,,,
Hebe brachysiphon,NBNSYS0000014845,1,1,1996,,,
Hebe dieffenbachii,NHMSYS0000345305,1,1,1991,,,
Hebe salicifolia,NHMSYS0000459236,1,1,1913,,,
Hedera algeriensis,NBNSYS0100003376,1,1,1963,,,
Hedera colchica,NHMSYS0000459243,1,1,1959,,,
Hedypnois cretica,NHMSYS0000459254,1,1,1889,,,
Helenium autumnale,NBNSYS0000033915,1,1,1955,,,
Helianthus annuus,NBNSYS0000037346,1,1,1891,,,
Helianthus petiolaris,NBNSYS0000033836,1,1,1908,,,
Helianthus tuberosus,NBNSYS0000014697,1,1,1897,,,
Helichrysum bellidioides,NHMSYS0000459278,1,1,1975,,,
Helictotrichon neesii,NBNSYS0000033988,1,1,1954,,,
Helleborus argutifolius,NHMSYS0100001725,1,1,1991,,,
Helleborus orientalis,NBNSYS0000033349,1,1,1925,,,
Hemerocallis fulva,NBNSYS0000002158,1,1,1905,,,
Hemerocallis lilioasphodelus,NBNSYS0000002159,1,1,1894,,,
Hepatica nobilis,NHMSYS0000459301,1,1,1836,,,
Heracleum mantegazzianum,NBNSYS0000003711,1,1,1828,,,
Hermodactylus tuberosus,NHMSYS0000459311,1,1,1839,,,
Herniaria hirsuta,NBNSYS0000004584,1,1,1789,,,
Hesperis matronalis,NBNSYS0000002902,1,1,1805,,,
Heuchera sanguinea,NBNSYS0000033391,1,1,1967,,,
Hibiscus trionum,NBNSYS0000014582,1,1,1859,,,
Hippocrepis emerus,NBNSYS0000014172,1,1,1937,,,
Hirschfeldia incana,NHMSYS0000459718,1,1,1837,,,
Hoheria populnea,NHMSYS0000459723,1,1,1970,,,
Holodiscus discolor,NBNSYS0000004866,1,1,1961,,,
Holosteum umbellatum,NBNSYS0000003039,1,1,1765,,,
Hordeum distichon sensu lato,NHMSYS0000523330,1,1,1852,,,
Hordeum euclaston,NHMSYS0000459744,1,1,1961,,,
Hordeum geniculatum,NBNSYS0000002602,1,1,1838,,,
Hordeum jubatum,NBNSYS0000002605,1,1,1890,,,
Hordeum murinum subsp. glaucum,NHMSYS0000459749,1,1,1952,,,
Hordeum murinum subsp. leporinum,NHMSYS0100001776,1,1,1950,,,
Hordeum pubiflorum,NHMSYS0000459753,1,1,1957,,,
Hordeum pusillum,NBNSYS0000034318,1,1,1953,,,
Hordeum vulgare,NBNSYS0000002604,1,1,1846,,,
Hyacinthoides hispanica,NHMSYS0000459784,1,1,1875,,,
Hyacinthoides italica,NHMSYS0000345354,1,1,1896,,,
Hyacinthus orientalis,NBNSYS0000005409,1,1,1957,,,
Hydrangea macrophylla,NHMSYS0100001789,1,1,1982,,,
Hydrocotyle moschata,NHMSYS0000459811,1,1,1958,,,
Hydrocotyle novae-zeelandiae,NBNSYS0000014505,1,1,1961,,,
Hydrocotyle ranunculoides,NHMSYS0000459812,1,1,1990,,,
Hypericum calycinum,NBNSYS0000002956,1,1,1809,,,
Hypericum canadense,NBNSYS0000002970,1,1,1954,,,
Hypericum forrestii,NHMSYS0000459851,1,1,1987,,,
Hypericum hircinum,NBNSYS0000002955,1,1,1856,,,
Hypericum nummularium,NBNSYS0000033942,1,1,1943,,,
Hypericum pseudohenryi,NHMSYS0000459856,1,1,1979,,,
Hypericum xylosteifolium,NHMSYS0000459864,1,1,1978,,,
Hyssopus officinalis,NBNSYS0000004211,1,1,1852,,,
Iberis sempervirens,NBNSYS0000004753,1,1,1928,,,
Iberis umbellata,NBNSYS0000004752,1,1,1858,,,
Impatiens capensis,NBNSYS0000003187,1,1,1822,,,
Impatiens glandulifera,NBNSYS0000003189,1,1,1855,,,
Impatiens parviflora,NBNSYS0000003188,1,1,1851,,,
Inula oculus-christi,NHMSYS0100001814,1,1,1967,,,
Iochroma australe,NHMSYS0100001815,1,1,1994,,,
Ipomoea hederacea,NBNSYS0000034205,1,1,1932,,,
Ipomoea lacunosa,NBNSYS0000034209,1,1,1947,,,
Ipomoea purpurea,NHMSYS0100001817,1,1,1921,,,
Iris ensata,NBNSYS0000033776,1,1,1985,,,
Iris germanica,NBNSYS0000002270,1,1,1849,,,
Iris latifolia,NHMSYS0000459901,1,1,1848,,,
Iris orientalis,NHMSYS0000459903,1,1,1950,,,
Iris sibirica,NBNSYS0000014871,1,1,1770,,,
Iris spuria,NBNSYS0000002266,1,1,1836,,,
Iris unguicularis,NHMSYS0100001818,1,1,1989,,,
Iris versicolor,NBNSYS0000002267,1,1,1893,,,
Iris xiphium,NBNSYS0000014204,1,1,1849,,,
Iva xanthiifolia,NBNSYS0000033423,1,1,1901,,,
Ixia campanulata,NBNSYS0000014079,1,1,1959,,,
Ixia paniculata,NHMSYS0000459937,1,1,1961,,,
Jasminum beesianum,NHMSYS0100001832,1,1,1999,,,
Jasminum nudiflorum,NHMSYS0000459948,1,1,1976,,,
Jasminum officinale,NBNSYS0000033956,1,1,1967,,,
Jonopsidium acaule,NBNSYS0100003618,1,1,1908,,,
Juglans regia,NHMSYS0000459961,1,1,1836,,,
Juncus pallidus,NHMSYS0000459984,1,1,1944,,,
Juncus planifolius,NHMSYS0000459985,1,1,1971,,,
Juncus subulatus,NHMSYS0000459991,1,1,1957,,,
Juncus tenuis,NBNSYS0000002211,1,1,1795,,,
Kalmia angustifolia,NBNSYS0000003892,1,1,1913,,,
Kalmia latifolia,NHMSYS0100001861,1,1,1989,,,
Kalmia polifolia,NBNSYS0000003891,1,1,1910,,,
Kerria japonica,NBNSYS0000014701,1,1,1965,,,
Kniphofia praecox,NBNSYS0000033419,1,1,1950,,,
Kniphofia uvaria,NBNSYS0000037296,1,1,1961,,,
Koelreuteria paniculata,NBNSYS0000033359,1,1,1908,,,
Laburnum alpinum,NHMSYS0000460055,1,1,1905,,,
Laburnum anagyroides,NHMSYS0000460056,1,1,1879,,,
Lactuca sativa,NBNSYS0000004538,1,1,1866,,,
Lactuca tatarica,NHMSYS0000460061,1,1,1884,,,
Lagarosiphon major,NHMSYS0000460065,1,1,1944,,,
Lagurus ovatus,NBNSYS0000002649,1,1,1791,,,
Lamarckia aurea,NHMSYS0000460073,1,1,1906,,,
Lamiastrum galeobdolon subsp. argentatum,NBNSYS0000014838,1,1,1974,,,
Lamium maculatum,NHMSYS0000460084,1,1,1730,,,
Lampranthus falciformis,NHMSYS0000460090,1,1,1908,,,
Lampranthus roseus,NBNSYS0000034444,1,1,1924,,,
Lappula squarrosa,NBNSYS0000014690,1,1,1866,,,
Lapsana communis subsp. intermedia,NHMSYS0000460108,1,1,1945,,,
Larix decidua,NHMSYS0000460126,1,1,1886,,,
Larix kaempferi,NHMSYS0000460129,1,1,1957,,,
Lathraea clandestina,NBNSYS0000004170,1,1,1908,,,
Lathyrus annuus,NBNSYS0000004867,1,1,1897,,,
Lathyrus grandiflorus,NHMSYS0000460178,1,1,1903,,,
Lathyrus heterophyllus,NBNSYS0000003304,1,1,1956,,,
Lathyrus hirsutus,NBNSYS0000003300,1,1,1666,,,
Lathyrus latifolius,NBNSYS0000003305,1,1,1670,,,
Lathyrus niger,NHMSYS0000460185,1,1,1821,,,
Lathyrus odoratus,NBNSYS0000032271,1,1,1887,,,
Lathyrus sativus,NBNSYS0000014842,1,1,1883,,,
Lathyrus tuberosus,NBNSYS0000003302,1,1,1859,,,
Laurus nobilis,NBNSYS0000004619,1,1,1924,,,
Lavatera cretica,NBNSYS0000003138,1,1,1859,,,
Lavatera plebeia,NBNSYS0000033950,1,1,1939,,,
Lavatera thuringiaca,NBNSYS0000033519,1,1,1862,,,
Lavatera trimestris,NBNSYS0000014601,1,1,1831,,,
Ledum palustre,NBNSYS0000034312,1,1,1860,,,
Legousia speculum-veneris,NHMSYS0100001924,1,1,1868,,,
Lemna minuta,NBNSYS0000004649,1,1,1977,,,
Lens culinaris,NHMSYS0000460230,1,1,1888,,,
Leonurus cardiaca,NBNSYS0000004246,1,1,1597,,,
Lepidium bonariense,NBNSYS0000013917,1,1,1911,,,
Lepidium draba,NBNSYS0000002837,1,1,1802,,,
Lepidium draba subsp. chalepense,NBNSYS0000002838,1,1,1915,,,
Lepidium draba subsp. draba,NHMSYS0000460252,1,1,1802,,,
Lepidium graminifolium,NBNSYS0000002834,1,1,1857,,,
Lepidium hyssopifolium,NBNSYS0000014104,1,1,1913,,,
Lepidium perfoliatum,NBNSYS0000004664,1,1,1888,,,
Lepidium sativum,NBNSYS0000002828,1,1,1799,,,
Lepidium virginicum,NBNSYS0000002832,1,1,1881,,,
Leptochloa fusca,NBNSYS0000033382,1,1,1918,,,
Leptospermum lanigerum,NHMSYS0000460271,1,1,1963,,,
Leptospermum scoparium,NHMSYS0000460273,1,1,1935,,,
Leucanthemella serotina,NBNSYS0000014762,1,1,1909,,,
Leucojum aestivum subsp. pulchellum,NBNSYS0000014315,1,1,1848,,,
Leucojum vernum,NBNSYS0000002251,1,1,1834,,,
Levisticum officinale,NHMSYS0000460315,1,1,1836,,,
Leycesteria formosa,NHMSYS0000460318,1,1,1905,,,
Libertia elegans,NHMSYS0000460327,1,1,1989,,,
Libertia formosa,NBNSYS0000014184,1,1,1916,,,
Ligularia dentata,NHMSYS0000460332,1,1,1925,,,
Ligularia przewalskii,NBNSYS0000014666,1,1,1982,,,
Ligustrum ovalifolium,NBNSYS0000003952,1,1,1939,,,
Lilium martagon,NBNSYS0000002171,1,1,1782,,,
Lilium pyrenaicum,NBNSYS0000002172,1,1,1853,,,
Limnanthes douglasii,NHMSYS0000460349,1,1,1870,,,
Limonium hyblaeum,NBNSYS0000039541,1,1,1979,,,
Limonium platyphyllum,NHMSYS0020110562,1,1,1973,,,
Linaria arenaria,NBNSYS0000004071,1,1,1893,,,
Linaria dalmatica,NHMSYS0000460379,1,1,1915,,,
Linaria maroccana,NHMSYS0000460383,1,1,1927,,,
Linaria pelisseriana,NHMSYS0000460385,1,1,1837,,,
Linaria purpurea,NHMSYS0000460386,1,1,1830,,,
Linaria supina,NBNSYS0000004070,1,1,1847,,,
Linum usitatissimum,NBNSYS0000003143,1,1,1632,,,
Lobelia erinus,NBNSYS0000004761,1,1,1905,,,
Lobularia maritima,NBNSYS0000002861,1,1,1804,,,
Lolium multiflorum,NBNSYS0000002529,1,1,1840,,,
Lolium remotum,NBNSYS0000002531,1,1,1858,,,
Lolium rigidum,NBNSYS0000004868,1,1,1864,,,
Lonicera caprifolium,NBNSYS0000004334,1,1,1763,,,
Lonicera henryi,NHMSYS0000460448,1,1,1950,,,
Lonicera involucrata,NHMSYS0000460449,1,1,1952,,,
Lonicera japonica,NHMSYS0000460450,1,1,1937,,,
Lonicera nitida,NHMSYS0000460452,1,1,1955,,,
Lonicera pileata,NHMSYS0000460453,1,1,1959,,,
Lonicera tatarica,NHMSYS0100001958,1,1,1867,,,
Lonicera xylosteum,NBNSYS0000004331,1,1,1770,,,
Luma apiculata,NHMSYS0000460481,1,1,1970,,,
Lunaria annua,NBNSYS0000002918,1,1,1597,,,
Lupinus albus,NBNSYS0000014843,1,1,1905,,,
Lupinus angustifolius,NBNSYS0000034086,1,1,1890,,,
Lupinus arboreus,NBNSYS0000003203,1,1,1926,,,
Lupinus nootkatensis,NBNSYS0000003202,1,1,1862,,,
Lupinus polyphyllus,NHMSYS0000460487,1,1,1900,,,
Luzula luzuloides,NHMSYS0000460494,1,1,1871,,,
Lychnis chalcedonica,NBNSYS0000034081,1,1,1902,,,
Lychnis coronaria,NBNSYS0000004762,1,1,1879,,,
Lycium barbarum,NBNSYS0000004032,1,1,1848,,,
Lycium chinense,NHMSYS0000460513,1,1,1902,,,
Lycopersicon esculentum,NHMSYS0000460517,1,1,1798,,,
Lysichiton americanus,NHMSYS0000460540,1,1,1947,,,
Lysichiton camtschatcensis,NBNSYS0000033298,1,1,1948,,,
Lysimachia ciliata,NBNSYS0000003937,1,1,1849,,,
Lysimachia punctata,NBNSYS0000003938,1,1,1853,,,
Lysimachia terrestris,NHMSYS0100001992,1,1,1883,,,
Lythrum junceum,NBNSYS0000004767,1,1,1875,,,
Mahonia aquifolium,NBNSYS0000002756,1,1,1874,,,
Maianthemum kamtschaticum,NHMSYS0100001997,1,1,1983,,,
Malcolmia maritima,NHMSYS0000460563,1,1,1863,,,
Malva alcea,NBNSYS0000014312,1,1,1905,,,
Malva nicaeensis,NBNSYS0000003132,1,1,1859,,,
Malva parviflora,NBNSYS0000003135,1,1,1859,,,
Malva pusilla,NHMSYS0000460577,1,1,1743,,,
Malva verticillata,NBNSYS0000003136,1,1,1799,,,
Matricaria discoidea,NBNSYS0000004462,1,1,1869,,,
Matteuccia struthiopteris,NHMSYS0000460615,1,1,1834,,,
Matthiola incana,NHMSYS0000460619,1,1,1806,,,
Matthiola longipetala,NBNSYS0000034364,1,1,1904,,,
Medicago laciniata,NHMSYS0000460635,1,1,1897,,,
Medicago praecox,NBNSYS0000014518,1,1,1909,,,
Medicago sativa subsp. sativa,NBNSYS0000003221,1,1,1688,,,
Medicago truncatula,NHMSYS0000460644,1,1,1863,,,
Melampyrum arvense,NBNSYS0000004137,1,1,1716,,,
Melilotus albus,NHMSYS0000460662,1,1,1822,,,
Melilotus indicus,NBNSYS0000003229,1,1,1852,,,
Melilotus sulcatus,NBNSYS0000014321,1,1,1859,,,
Melissa officinalis,NBNSYS0000004218,1,1,1763,,,
Mentha requienii,NBNSYS0000004193,1,1,1872,,,
Mimulus,NHMSYS0000460720,1,1,1824,,,
Mimulus guttatus,NBNSYS0000004084,1,1,1824,,,
Mimulus luteus,NBNSYS0000004086,1,1,1881,,,
Mimulus moschatus,NHMSYS0000460723,1,1,1866,,,
Misopates calycinum,NBNSYS0000034072,1,1,1904,,,
Monsonia brevirostrata,NHMSYS0000460766,1,1,1914,,,
Montia parvifolia,NHMSYS0000460774,1,1,1913,,,
Morus nigra,NBNSYS0000034365,1,1,1961,,,
Muehlenbeckia complexa,NHMSYS0000460789,1,1,1909,,,
Muscari armeniacum,NBNSYS0000004651,1,1,1892,,,
Muscari botryoides,NHMSYS0000460801,1,1,1962,,,
Muscari comosum,NHMSYS0000460802,1,1,1888,,,
Myrica pensylvanica,NHMSYS0000460829,1,1,1934,,,
Myriophyllum aquaticum,NHMSYS0000460832,1,1,1960,,,
Myrrhis odorata,NBNSYS0000003645,1,1,1777,,,
Narcissus bulbocodium,NBNSYS0000005351,1,1,1905,,,
Narcissus cyclamineus,NBNSYS0000164149,1,1,1974,,,
Narcissus minor,NBNSYS0000014551,1,1,1885,,,
Narcissus papyraceus,NHMSYS0000460860,1,1,1971,,,
Narcissus poeticus,NBNSYS0000033407,1,1,1795,,,
Narcissus poeticus subsp. poeticus,NBNSYS0000002261,1,1,1779,,,
Narcissus pseudonarcissus subsp. major,NBNSYS0000002258,1,1,1813,,,
Narcissus pseudonarcissus subsp. obvallaris,NHMSYS0000460873,1,1,1830,,,
Narcissus tazetta,NBNSYS0000014810,1,1,1876,,,
Narcissus triandrus,NBNSYS0000163322,1,1,1905,,,
Nectaroscordum siculum,NHMSYS0000460941,1,1,1906,,,
Nertera granadensis,NHMSYS0000460983,1,1,1957,,,
Neslia paniculata,NBNSYS0000034347,1,1,1795,,,
Nicandra physalodes,NHMSYS0000460998,1,1,1860,,,
Nicotiana alata,NBNSYS0000014396,1,1,1912,,,
Nicotiana forgetiana,NHMSYS0000461000,1,1,1994,,,
Nicotiana rustica,NBNSYS0000014454,1,1,1869,,,
Nicotiana tabacum,NBNSYS0000014298,1,1,1912,,,
Nigella damascena,NBNSYS0000033576,1,1,1832,,,
Nothofagus alpina,NHMSYS0000461094,1,1,1956,,,
Nothofagus obliqua,NHMSYS0000461098,1,1,1956,,,
Nothoscordum borbonicum,NBNSYS0000002206,1,1,1930,,,
Nuphar advena,NHMSYS0000461106,1,1,1963,,,
Ochagavia carnea,NHMSYS0000461125,1,1,1973,,,
Odontites jaubertianus,NHMSYS0000461131,1,1,1965,,,
Oemleria cerasiformis,NHMSYS0000461140,1,1,1977,,,
Oenothera biennis,NBNSYS0000003599,1,1,1650,,,
Oenothera cambrica,NBNSYS0000004772,1,1,1833,,,
Oenothera glazioviana,NHMSYS0000461148,1,1,1866,,,
Oenothera stricta,NBNSYS0000003601,1,1,1847,,,
Olearia macrodonta,NBNSYS0000004444,1,1,1947,,,
Olearia paniculata,NHMSYS0000461166,1,1,1969,,,
Olearia traversii,NHMSYS0000461168,1,1,1966,,,
Omphalodes verna,NBNSYS0000003982,1,1,1840,,,
Onoclea sensibilis,NBNSYS0000002035,1,1,1840,,,
Ononis alopecuroides,NHMSYS0100002175,1,1,1904,,,
Ononis baetica,NBNSYS0000034148,1,1,1962,,,
Ononis mitissima,NBNSYS0000033346,1,1,1865,,,
Ononis natrix,NBNSYS0000014703,1,1,1834,,,
Onopordum nervosum,NHMSYS0100002179,1,1,1963,,,
Ornithogalum angustifolium,NBNSYS0000002179,1,1,1548,,,
Ornithogalum nutans,NBNSYS0000002180,1,1,1805,,,
Ornithopus compressus,NBNSYS0000034420,1,1,1893,,,
Ornithopus sativus,NBNSYS0000014022,1,1,1909,,,
Orobanche crenata,NHMSYS0000461378,1,1,1845,,,
Oryzopsis miliacea,NHMSYS0000461393,1,1,1927,,,
Oscularia deltoides,NBNSYS0000034445,1,1,1953,,,
Oxalis articulata,NBNSYS0000003180,1,1,1912,,,
Oxalis corniculata,NBNSYS0000003176,1,1,1770,,,
Oxalis debilis,NBNSYS0000003181,1,1,1900,,,
Oxalis decaphylla,NHMSYS0100002273,1,1,1967,,,
Oxalis dillenii,NBNSYS0000003177,1,1,1951,,,
Oxalis exilis,NHMSYS0000461423,1,1,1913,,,
Oxalis incarnata,NBNSYS0000003185,1,1,1912,,,
Oxalis latifolia,NHMSYS0000461426,1,1,1921,,,
Oxalis megalorrhiza,NBNSYS0000003179,1,1,1940,,,
Oxalis pes-caprae,NBNSYS0000003184,1,1,1901,,,
Oxalis rosea,NBNSYS0000014959,1,1,1931,,,
Oxalis stricta,NBNSYS0000003178,1,1,1823,,,
Oxalis tetraphylla,NBNSYS0000003183,1,1,1917,,,
Oxalis valdiviensis,NHMSYS0000461429,1,1,1882,,,
Pachysandra terminalis,NHMSYS0100002282,1,1,1968,,,
Paeonia mascula,NHMSYS0000461445,1,1,1805,,,
Paeonia officinalis,NHMSYS0000461446,1,1,1650,,,
Pancratium maritimum,NHMSYS0100002286,1,1,1993,,,
Panicum capillare,NBNSYS0000033868,1,1,1867,,,
Panicum dichotomiflorum,NHMSYS0000461474,1,1,1945,,,
Panicum miliaceum,NBNSYS0000004667,1,1,1865,,,
Panicum schinzii,NHMSYS0000461481,1,1,1918,,,
Papaver atlanticum,NHMSYS0000461485,1,1,1927,,,
Papaver pseudoorientale,NBNSYS0100004415,1,1,1884,,,
Papaver somniferum subsp. setigerum,NBNSYS0000014245,1,1,1850,,,
Papaver somniferum subsp. somniferum,NHMSYS0000461493,1,1,1830,,,
Parietaria officinalis,NHMSYS0100002300,1,1,1966,,,
Parthenocissus inserta,NHMSYS0000461525,1,1,1948,,,
Parthenocissus quinquefolia,NHMSYS0000461527,1,1,1927,,,
Parthenocissus tricuspidata,NHMSYS0000461528,1,1,1928,,,
Paspalum distichum,NBNSYS0000033856,1,1,1924,,,
Paulownia tomentosa,NBNSYS0000033831,1,1,1995,,,
Pelargonium tomentosum,NBNSYS0000014579,1,1,1938,,,
Pentaglottis sempervirens,NHMSYS0000461565,1,1,1724,,,
Pericallis hybrida,NHMSYS0000461585,1,1,1971,,,
Persicaria alpina,NHMSYS0000461596,1,1,1909,,,
Persicaria amplexicaulis,NHMSYS0000461598,1,1,1908,,,
Persicaria campanulata,NHMSYS0000461600,1,1,1933,,,
Persicaria mollis,NHMSYS0000461608,1,1,1956,,,
Persicaria nepalensis,NHMSYS0000461609,1,1,1963,,,
Persicaria pensylvanica,NHMSYS0000461610,1,1,1870,,,
Persicaria sagittata,NHMSYS0000461613,1,1,1889,,,
Persicaria wallichii,NBNSYS0000003765,1,1,1917,,,
Persicaria weyrichii,NHMSYS0000461616,1,1,1978,,,
Petasites albus,NHMSYS0000461629,1,1,1843,,,
Petasites fragrans,NHMSYS0000461630,1,1,1835,,,
Petasites japonicus,NBNSYS0000004389,1,1,1924,,,
Petrorhagia prolifera,NHMSYS0000461636,1,1,1650,,,
Petrorhagia saxifraga,NBNSYS0000014535,1,1,1893,,,
Petroselinum crispum,NHMSYS0000461642,1,1,1652,,,
Phacelia tanacetifolia,NBNSYS0000033486,1,1,1885,,,
Phalaris aquatica,NBNSYS0000002673,1,1,1906,,,
Phalaris brachystachys,NBNSYS0000034036,1,1,1908,,,
Phalaris canariensis,NBNSYS0000002670,1,1,1632,,,
Phalaris minor,NBNSYS0000002671,1,1,1791,,,
Phalaris paradoxa,NBNSYS0000002672,1,1,1832,,,
Phaseolus coccineus,NBNSYS0000014386,1,1,1910,,,
Phaseolus vulgaris,NBNSYS0000005450,1,1,1904,,,
Philadelphus coronarius,NBNSYS0000004616,1,1,1919,,,
Phlomis fruticosa,NBNSYS0000004247,1,1,1896,,,
Phlomis russeliana,NBNSYS0000014563,1,1,1949,,,
Phlox paniculata,NBNSYS0000004927,1,1,1915,,,
Phormium cookianum,NHMSYS0000461207,1,1,1920,,,
Phormium tenax,NHMSYS0000461208,1,1,1898,,,
Photinia davidiana,NBNSYS0000014140,1,1,1966,,,
Phuopsis stylosa,NHMSYS0000461216,1,1,1905,,,
Phygelius capensis,NHMSYS0000461218,1,1,1960,,,
Phymatosorus diversifolius,NHMSYS0000461229,1,1,1969,,,
Physalis alkekengi,NBNSYS0000004036,1,1,1650,,,
Physalis ixocarpa,NBNSYS0000014023,1,1,1915,,,
Physalis peruviana,NBNSYS0000014835,1,1,1927,,,
Physocarpus opulifolius,NBNSYS0000003311,1,1,1909,,,
Phyteuma scheuchzeri,NBNSYS0000033378,1,1,1951,,,
Phytolacca acinosa,NBNSYS0000014805,1,1,1925,,,
Phytolacca polyandra,NHMSYS0100002347,1,1,1983,,,
Picea abies,NHMSYS0000461247,1,1,1893,,,
Picea glauca,NBNSYS0000033888,1,1,1968,,,
Picea sitchensis,NHMSYS0000461257,1,1,1957,,,
Pilosella aurantiaca,NHMSYS0000461270,1,1,1793,,,
Pilosella aurantiaca subsp. aurantiaca,NHMSYS0000461271,1,1,1793,,,
Pilosella aurantiaca subsp. carpathicola,NHMSYS0000461273,1,1,1853,,,
Pilosella caespitosa,NHMSYS0000461274,1,1,1868,,,
Pilosella flagellaris subsp. flagellaris,NHMSYS0000461278,1,1,1869,,,
Pilosella praealta,NHMSYS0000461680,1,1,1877,,,
Pilosella praealta subsp. praealta,NHMSYS0000461682,1,1,1899,,,
Pilosella praealta subsp. thaumasia,NHMSYS0000461684,1,1,1918,,,
Pinus contorta,NBNSYS0000004786,1,1,1963,,,
Pinus mugo,NBNSYS0000014081,1,1,1968,,,
Pinus nigra,NHMSYS0000461716,1,1,1927,,,
Pinus nigra subsp. laricio,NBNSYS0000004632,1,1,1905,,,
Pinus nigra subsp. nigra,NHMSYS0000461718,1,1,1951,,,
Pinus peuce,NBNSYS0000014779,1,1,1968,,,
Pinus pinaster,NBNSYS0000004630,1,1,1850,,,
Pinus ponderosa,NHMSYS0000461723,1,1,1968,,,
Pinus radiata,NHMSYS0000461725,1,1,1963,,,
Pinus strobus,NBNSYS0000013976,1,1,1957,,,
Pinus wallichiana,NHMSYS0000461734,1,1,1905,,,
Pisum sativum,NBNSYS0000014224,1,1,1770,,,
Pittosporum crassifolium,NHMSYS0000461750,1,1,1939,,,
Pittosporum tenuifolium,NHMSYS0000461751,1,1,1958,,,
Plagiobothrys scouleri,NHMSYS0000461756,1,1,1974,,,
Plantago afra,NBNSYS0000033683,1,1,1759,,,
Plantago arenaria,NBNSYS0000004278,1,1,1820,,,
Pleioblastus simonii,NHMSYS0000461791,1,1,1965,,,
Poa chaixii,NHMSYS0000461800,1,1,1852,,,
Poa flabellata,NHMSYS0000461803,1,1,1900,,,
Poa palustris,NBNSYS0000002558,1,1,1879,,,
Polygonum arenarium,NBNSYS0000033431,1,1,1860,,,
Polygonum patulum,NHMSYS0000461874,1,1,1902,,,
Polypogon viridis,NBNSYS0000002643,1,1,1860,,,
Polystichum munitum,NHMSYS0000461947,1,1,1980,,,
Pontederia cordata,NBNSYS0000002209,1,1,1949,,,
Populus alba,NBNSYS0000003849,1,1,1597,,,
Populus balsamifera,NBNSYS0000033571,1,1,1911,,,
Populus trichocarpa,NHMSYS0000461974,1,1,1935,,,
Portulaca oleracea,NBNSYS0000003082,1,1,1874,,,
Potentilla inclinata,NHMSYS0000462033,1,1,1836,,,
Potentilla intermedia,NBNSYS0000003345,1,1,1859,,,
Potentilla norvegica,NBNSYS0000003344,1,1,1856,,,
Potentilla recta,NBNSYS0000003343,1,1,1858,,,
Potentilla rivalis,NHMSYS0000462036,1,1,1976,,,
Pratia angulata,NHMSYS0000462057,1,1,1930,,,
Primula auricula,NBNSYS0000005377,1,1,1880,,,
Primula florindae,NHMSYS0000345582,1,1,1957,,,
Primula japonica,NHMSYS0000462065,1,1,1966,,,
Primula sikkimensis,NHMSYS0000462066,1,1,1921,,,
Prunella laciniata,NBNSYS0000004226,1,1,1878,,,
Prunus cerasifera,NBNSYS0000003416,1,1,1918,,,
Prunus cerasus,NBNSYS0000003418,1,1,1685,,,
Prunus dulcis,NHMSYS0000462084,1,1,1953,,,
Prunus incisa,NHMSYS0000462085,1,1,1969,,,
Prunus laurocerasus,NBNSYS0000003420,1,1,1886,,,
Prunus lusitanica,NBNSYS0000003421,1,1,1927,,,
Prunus mahaleb,NBNSYS0000033861,1,1,1936,,,
Prunus pensylvanica,NHMSYS0000462087,1,1,1986,,,
Prunus persica,NBNSYS0000034215,1,1,1953,,,
Prunus serotina,NBNSYS0000014213,1,1,1853,,,
Prunus serrulata,NHMSYS0000462088,1,1,1968,,,
Pseudofumaria alba,NHMSYS0000462091,1,1,1957,,,
Pseudofumaria lutea,NBNSYS0000002781,1,1,1796,,,
Pseudosasa japonica,NHMSYS0000462101,1,1,1955,,,
Pseudotsuga menziesii,NHMSYS0000462103,1,1,1960,,,
Psoralea americana,NBNSYS0000014369,1,1,1952,,,
Pteris cretica,NBNSYS0000014557,1,1,1950,,,
Pterocarya fraxinifolia,NHMSYS0000462130,1,1,1980,,,
Pulmonaria 'Mawson's Blue',NHMSYS0000462150,1,1,1951,,,
Pulmonaria officinalis,NBNSYS0000004004,1,1,1793,,,
Pulmonaria rubra,NBNSYS0000034232,1,1,1969,,,
Pyracantha coccinea,NHMSYS0000462184,1,1,1905,,,
Pyracantha rogersiana,NHMSYS0000462187,1,1,1976,,,
Quercus cerris,NBNSYS0000003843,1,1,1844,,,
Quercus ilex,NBNSYS0000003844,1,1,1862,,,
Quercus rubra,NBNSYS0000011916,1,1,1942,,,
Ramonda myconi,NHMSYS0000462229,1,1,1921,,,
Ranunculus aconitifolius,NBNSYS0000014212,1,1,1885,,,
Ranunculus ficaria subsp. chrysocephalus,NHMSYS0000462242,1,1,1994,,,
Ranunculus ficaria subsp. ficariiformis,NHMSYS0000462245,1,1,1913,,,
Ranunculus marginatus,NHMSYS0000462253,1,1,1950,,,
Ranunculus muricatus,NBNSYS0000002713,1,1,1777,,,
Raphanus raphanistrum subsp. landra,NBNSYS0000033357,1,1,1859,,,
Raphanus sativus,NBNSYS0000002820,1,1,1862,,,
Rapistrum perenne,NBNSYS0000002823,1,1,1859,,,
Rapistrum rugosum,NBNSYS0000002824,1,1,1861,,,
Reineckea carnea,NHMSYS0000462328,1,1,1984,,,
Reseda alba,NBNSYS0000002921,1,1,1826,,,
Reseda odorata,NBNSYS0000014367,1,1,1793,,,
Reseda phyteuma,NBNSYS0000002922,1,1,1907,,,
Rhamnus alaternus,NBNSYS0000003199,1,1,1908,,,
Rheum palmatum,NBNSYS0000014878,1,1,1964,,,
Rhinanthus angustifolius,NHMSYS0000462353,1,1,1724,,,
Rhododendron luteum,NBNSYS0000003889,1,1,1939,,,
Rhododendron ponticum,NBNSYS0000003888,1,1,1894,,,
Rhus typhina,NBNSYS0000042194,1,1,1966,,,
Ribes nigrum,NBNSYS0000003515,1,1,1660,,,
Ribes odoratum,NHMSYS0000462397,1,1,1975,,,
Ribes sanguineum,NBNSYS0000003516,1,1,1867,,,
Ribes uva-crispa,NBNSYS0000003518,1,1,1763,,,
Ricinus communis,NBNSYS0000032637,1,1,1865,,,
Ridolfia segetum,NBNSYS0000034202,1,1,1916,,,
Robinia pseudoacacia,NBNSYS0000003265,1,1,1888,,,
Rodgersia podophylla,NHMSYS0000462419,1,1,1966,,,
Romulea rosea,NHMSYS0000462429,1,1,1969,,,
Rorippa austriaca,NBNSYS0000002899,1,1,1905,,,
Rosa 'Hollandica' nom. nud.,NHMSYS0000466078,1,1,1955,,,
Rosa ferruginea,NBNSYS0100005252,1,1,1973,,,
Rosa gallica,NBNSYS0000034283,1,1,1871,,,
Rosa luciae,NHMSYS0000462466,1,1,1905,,,
Rosa multiflora,NHMSYS0000462470,1,1,1930,,,
Rosa rugosa,NHMSYS0000462477,1,1,1917,,,
Rosa setigera,NHMSYS0000462482,1,1,1902,,,
Rosa virginiana,NHMSYS0000462492,1,1,1887,,,
Rosmarinus officinalis,NBNSYS0000033609,1,1,1969,,,
Rostraria cristata,NBNSYS0000005425,1,1,1902,,,
Rubus cockburnianus,NHMSYS0000462638,1,1,1972,,,
Rubus loganobaccus,NHMSYS0000462765,1,1,1938,,,
Rubus odoratus,NBNSYS0000003320,1,1,1914,,,
Rubus parviflorus,NBNSYS0000003321,1,1,1913,,,
Rubus phoenicolasius,NBNSYS0000003323,1,1,1907,,,
Rubus spectabilis,NBNSYS0000003324,1,1,1874,,,
Rubus tricolor,NBNSYS0000014797,1,1,1976,,,
Rudbeckia hirta,NBNSYS0000014229,1,1,1917,,,
Rudbeckia laciniata,NBNSYS0000004353,1,1,1898,,,
Rumex acetosa subsp. ambiguus,NHMSYS0000462958,1,1,1988,,,
Rumex brownii,NHMSYS0000462970,1,1,1908,,,
Rumex confertus,NBNSYS0000003782,1,1,1918,,,
Rumex cristatus,NBNSYS0000003785,1,1,1918,,,
Rumex dentatus,NBNSYS0000014025,1,1,1877,,,
Rumex frutescens,NBNSYS0000003802,1,1,1913,,,
Rumex obovatus,NBNSYS0000033930,1,1,1912,,,
Rumex patientia,NBNSYS0000003786,1,1,1871,,,
Rumex salicifolius,NHMSYS0000462993,1,1,1900,,,
Rumex scutatus,NBNSYS0000003779,1,1,1800,,,
Ruschia caroli,NHMSYS0000463026,1,1,1959,,,
Ruscus hypoglossum,NBNSYS0000005353,1,1,1934,,,
Rytidosperma racemosum,NHMSYS0000463038,1,1,1961,,,
Sagittaria latifolia,NBNSYS0000002106,1,1,1941,,,
Sagittaria rigida,NBNSYS0000002107,1,1,1908,,,
Sagittaria subulata,NBNSYS0000034024,1,1,1962,,,
Salix acutifolia,NBNSYS0000003865,1,1,1915,,,
Salix daphnoides,NHMSYS0000463096,1,1,1905,,,
Salix elaeagnos,NBNSYS0000014120,1,1,1914,,,
Salix eriocephala,NHMSYS0000463099,1,1,1972,,,
Salix udensis,NHMSYS0000463113,1,1,1960,,,
Salpichroa origanifolia,NBNSYS0000004043,1,1,1927,,,
Salsola kali subsp. iberica,NHMSYS0000463181,1,1,1875,,,
Salvia glutinosa,NBNSYS0000014568,1,1,1896,,,
Salvia reflexa,NBNSYS0000033979,1,1,1928,,,
Salvia sclarea,NBNSYS0000004858,1,1,1918,,,
Salvia verticillata,NBNSYS0000004219,1,1,1857,,,
Salvia viridis,NBNSYS0000034225,1,1,1859,,,
Sambucus canadensis,NBNSYS0000014114,1,1,1943,,,
Sambucus racemosa,NBNSYS0000004325,1,1,1905,,,
Sanguisorba canadensis,NBNSYS0000003388,1,1,1848,,,
Sanguisorba minor subsp. muricata,NBNSYS0000003390,1,1,1849,,,
Santolina chamaecyparissus,NBNSYS0000004457,1,1,1902,,,
Saponaria ocymoides,NBNSYS0000033582,1,1,1913,,,
Sarracenia purpurea,NBNSYS0000003523,1,1,1906,,,
Sasa palmata,NHMSYS0000463226,1,1,1964,,,
Sasa veitchii,NHMSYS0000463227,1,1,1962,,,
Sasaella ramosa,NHMSYS0000463229,1,1,1983,,,
Satureja montana,NBNSYS0000004212,1,1,1809,,,
Saxifraga cuneifolia,NBNSYS0000034028,1,1,1932,,,
Saxifraga cymbalaria,NBNSYS0000003497,1,1,1865,,,
Saxifraga paniculata,NHMSYS0100002873,1,1,1988,,,
Saxifraga rotundifolia,NBNSYS0000034027,1,1,1843,,,
Saxifraga stolonifera,NBNSYS0000033921,1,1,1876,,,
Saxifraga umbrosa,NBNSYS0000003492,1,1,1792,,,
Scabiosa atropurpurea,NBNSYS0000004351,1,1,1842,,,
Schismus barbatus,NBNSYS0000033326,1,1,1958,,,
Schkuhria pinnata,NBNSYS0000033284,1,1,1900,,,
Scilla bifolia,NBNSYS0000013973,1,1,1921,,,
Scilla bithynica,NBNSYS0000033859,1,1,1982,,,
Scilla liliohyacinthus,NHMSYS0000463303,1,1,1964,,,
Scilla messeniaca,NBNSYS0000014525,1,1,1979,,,
Scilla peruviana,NBNSYS0000014706,1,1,1930,,,
Scilla siberica,NBNSYS0000002184,1,1,1968,,,
Scolymus hispanicus,NBNSYS0000014859,1,1,1876,,,
Scorpiurus muricatus,NBNSYS0000033829,1,1,1859,,,
Scrophularia scorodonia,NBNSYS0000004081,1,1,1689,,,
Scrophularia vernalis,NBNSYS0000004082,1,1,1633,,,
Scutellaria altissima,NBNSYS0000004263,1,1,1929,,,
Scutellaria hastifolia,NBNSYS0000004262,1,1,1948,,,
Secale cereale,NBNSYS0000014824,1,1,1865,,,
Securigera varia,NBNSYS0000003276,1,1,1836,,,
Sedum anacampseros,NBNSYS0000033624,1,1,1977,,,
Sedum confusum,NHMSYS0000463383,1,1,1976,,,
Sedum dasyphyllum,NBNSYS0000003471,1,1,1724,,,
Sedum hispanicum,NBNSYS0000033532,1,1,1927,,,
Sedum kamtschaticum,NHMSYS0100002914,1,1,1981,,,
Sedum lydium,NBNSYS0000003476,1,1,1909,,,
Sedum nicaeense,NBNSYS0000034313,1,1,1915,,,
Sedum praealtum,NHMSYS0000463394,1,1,1920,,,
Sedum rupestre,NBNSYS0000003482,1,1,1666,,,
Sedum sexangulare,NBNSYS0000003478,1,1,1763,,,
Sedum spathulifolium,NBNSYS0000014275,1,1,1957,,,
Sedum spectabile,NBNSYS0000014710,1,1,1930,,,
Sedum spurium,NHMSYS0000463398,1,1,1905,,,
Sedum stoloniferum,NHMSYS0000463401,1,1,1908,,,
Selaginella kraussiana,NHMSYS0000463410,1,1,1908,,,
Semiarundinaria fastuosa,NHMSYS0000463418,1,1,1967,,,
Sempervivum arachnoideum,NHMSYS0100002926,1,1,1991,,,
Sempervivum tectorum,NBNSYS0000003485,1,1,1629,,,
Senecio cineraria,NBNSYS0000004383,1,1,1891,,,
Senecio doria,NBNSYS0000004375,1,1,1837,,,
Senecio doronicum,NBNSYS0000033393,1,1,1977,,,
Senecio fluviatilis,NBNSYS0000004376,1,1,1632,,,
Senecio glastifolius,NHMSYS0000463427,1,1,1971,,,
Senecio grandiflorus,NHMSYS0000463430,1,1,1971,,,
Senecio inaequidens,NBNSYS0000004377,1,1,1836,,,
Senecio ovatus,NHMSYS0000463440,1,1,1886,,,
Senecio pterophorus,NBNSYS0000004877,1,1,1913,,,
Senecio smithii,NBNSYS0000004373,1,1,1920,,,
Senecio squalidus,NBNSYS0000004367,1,1,1794,,,
Senecio vernalis,NBNSYS0000014790,1,1,1905,,,
Senecio viscosus,NBNSYS0000004370,1,1,1660,,,
Sequoia sempervirens,NHMSYS0000463454,1,1,1968,,,
Sequoiadendron giganteum,NHMSYS0000463457,1,1,1968,,,
Serapias cordigera,NBNSYS0500000272,1,1,1996,,,
Serapias lingua,NBNSYS0200003138,1,1,1992,,,
Setaria faberi,NBNSYS0000014124,1,1,1975,,,
Setaria italica,NHMSYS0000463479,1,1,1863,,,
Setaria parviflora,NHMSYS0100002955,1,1,1913,,,
Setaria pumila,NHMSYS0000463481,1,1,1805,,,
Setaria verticillata,NHMSYS0000463482,1,1,1666,,,
Setaria viridis,NHMSYS0000463485,1,1,1666,,,
Sida rhombifolia,NBNSYS0000034408,1,1,1933,,,
Sida spinosa,NBNSYS0000033822,1,1,1876,,,
Sidalcea candida,NHMSYS0000463542,1,1,1991,,,
Sidalcea malviflora,NHMSYS0000463543,1,1,1940,,,
Sigesbeckia orientalis,NBNSYS0000033907,1,1,1928,,,
Sigesbeckia serrata,NBNSYS0000013904,1,1,1873,,,
Silene armeria,NBNSYS0000002993,1,1,1840,,,
Silene coeli-rosa,NHMSYS0000463563,1,1,1937,,,
Silene italica,NBNSYS0000002996,1,1,1825,,,
Silene pendula,NBNSYS0000033819,1,1,1883,,,
Silene quadrifida,NHMSYS0100002974,1,1,1974,,,
Sinacalia tangutica,NHMSYS0000463610,1,1,1903,,,
Sinapis alba subsp. dissecta,NHMSYS0000463613,1,1,1859,,,
Sisymbrium altissimum,NBNSYS0000002910,1,1,1858,,,
Sisymbrium erysimoides,NBNSYS0000004906,1,1,1916,,,
Sisymbrium irio,NBNSYS0000002907,1,1,1650,,,
Sisymbrium loeselii,NBNSYS0000002908,1,1,1883,,,
Sisymbrium orientale,NBNSYS0000002909,1,1,1832,,,
Sisymbrium strictissimum,NBNSYS0000002911,1,1,1873,,,
Sisymbrium volgense,NHMSYS0000463631,1,1,1896,,,
Sisyrinchium californicum,NHMSYS0000463635,1,1,1896,,,
Sisyrinchium laxum,NBNSYS0000004945,1,1,1970,,,
Sisyrinchium montanum,NHMSYS0000463638,1,1,1871,,,
Sisyrinchium striatum,NHMSYS0000463640,1,1,1922,,,
Smyrnium perfoliatum,NBNSYS0000003653,1,1,1932,,,
Solanum carolinense,NBNSYS0000004855,1,1,1977,,,
Solanum chenopodioides,NBNSYS0000004924,1,1,1935,,,
Solanum laciniatum,NBNSYS0000033796,1,1,1920,,,
Solanum nigrum subsp. schultesii,NBNSYS0000004815,1,1,1946,,,
Solanum physalifolium,NBNSYS0000004040,1,1,1949,,,
Solanum rostratum,NBNSYS0000034341,1,1,1886,,,
Solanum sarachoides,NHMSYS0000463762,1,1,1897,,,
Solanum scabrum,NHMSYS0100003012,1,1,1982,,,
Solanum sisymbriifolium,NBNSYS0000005433,1,1,1922,,,
Solanum triflorum,NBNSYS0000004041,1,1,1876,,,
Solanum tuberosum,NBNSYS0000004042,1,1,1835,,,
Solanum vernei,NHMSYS0100003014,1,1,1985,,,
Solanum villosum,NHMSYS0000463764,1,1,1877,,,
Solanum villosum subsp. miniatum,NBNSYS0000014898,1,1,1881,,,
Solanum villosum subsp. villosum,NHMSYS0000463766,1,1,1921,,,
Soleirolia soleirolii,NBNSYS0000003805,1,1,1917,,,
Solidago canadensis,NBNSYS0000004418,1,1,1849,,,
Solidago gigantea,NBNSYS0000004419,1,1,1916,,,
Solidago graminifolia,NBNSYS0000004420,1,1,1809,,,
Solidago rugosa,NHMSYS0000463775,1,1,1982,,,
Sorbaria kirilowii,NBNSYS0000014057,1,1,1975,,,
Sorbaria sorbifolia,NHMSYS0000463791,1,1,1971,,,
Sorbaria tomentosa,NHMSYS0000463792,1,1,1970,,,
Sorbus croceocarpa,NHMSYS0000463798,1,1,1883,,,
Sorbus decipiens,NHMSYS0000345832,1,1,1949,,,
Sorbus hybrida,NBNSYS0000005397,1,1,1985,,,
Sorbus intermedia,NBNSYS0000003442,1,1,1908,,,
Sorbus latifolia,NBNSYS0000156911,1,1,1866,,,
Sorghum bicolor,NBNSYS0000034177,1,1,1890,,,
Sorghum halepense,NBNSYS0000014976,1,1,1924,,,
Sparaxis grandiflora,NHMSYS0000463839,1,1,1955,,,
Spartina alterniflora,NHMSYS0000463854,1,1,1816,,,
Spartina pectinata,NHMSYS0000463858,1,1,1967,,,
Spartium junceum,NBNSYS0000003209,1,1,1905,,,
Spergula morisonii,NBNSYS0000003067,1,1,1943,,,
Spergularia bocconei,NHMSYS0000463879,1,1,1901,,,
Spinacia oleracea,NBNSYS0000033777,1,1,1887,,,
Spiraea alba,NHMSYS0000463906,1,1,1876,,,
Spiraea canescens,NHMSYS0000463909,1,1,1919,,,
Spiraea chamaedryfolia,NBNSYS0000014077,1,1,1830,,,
Spiraea douglasii,NBNSYS0000003314,1,1,1910,,,
Spiraea douglasii subsp. menziesii,NHMSYS0000463912,1,1,1957,,,
Spiraea japonica,NHMSYS0000463915,1,1,1909,,,
Spiraea media,NBNSYS0000033778,1,1,1989,,,
Spiraea salicifolia,NBNSYS0000003313,1,1,1805,,,
Spiraea tomentosa,NBNSYS0000014176,1,1,1905,,,
Sporobolus africanus,NHMSYS0000463937,1,1,1958,,,
Stachys alpina,NBNSYS0000004233,1,1,1897,,,
Stachys annua,NBNSYS0000004229,1,1,1830,,,
Stachys byzantina,NBNSYS0000004237,1,1,1858,,,
Stachys recta,NBNSYS0000004230,1,1,1898,,,
Staphylea pinnata,NBNSYS0000033647,1,1,1633,,,
Sternbergia lutea,NHMSYS0000464019,1,1,1912,,,
Stipa capensis,NBNSYS0000033443,1,1,1958,,,
Stipa neesiana,NBNSYS0000014862,1,1,1916,,,
Symphoricarpos albus,NHMSYS0000464104,1,1,1863,,,
Symphoricarpos orbiculatus,NHMSYS0100003089,1,1,1974,,,
Symphytum asperum,NHMSYS0000464109,1,1,1862,,,
Symphytum bulbosum,NHMSYS0000464112,1,1,1893,,,
Symphytum caucasicum,NHMSYS0000464113,1,1,1879,,,
Symphytum grandiflorum,NBNSYS0000003993,1,1,1898,,,
Symphytum orientale,NBNSYS0000003989,1,1,1849,,,
Symphytum tauricum,NBNSYS0000003991,1,1,1854,,,
Symphytum tuberosum,NBNSYS0000003992,1,1,1777,,,
Syringa vulgaris,NBNSYS0000003950,1,1,1879,,,
Tagetes erecta,NBNSYS0000034074,1,1,1969,,,
Tagetes minuta,NBNSYS0000014513,1,1,1922,,,
Tagetes patula,NBNSYS0000005486,1,1,1933,,,
Tamarix africana,NHMSYS0000464144,1,1,1963,,,
Tamarix gallica,NBNSYS0000002980,1,1,1796,,,
Tanacetum balsamita,NBNSYS0000034008,1,1,1801,,,
Tanacetum macrophyllum,NHMSYS0000464152,1,1,1883,,,
Tanacetum parthenium,NHMSYS0000464153,1,1,1638,,,
Telekia speciosa,NHMSYS0000464361,1,1,1914,,,
Tellima grandiflora,NHMSYS0000464365,1,1,1866,,,
Tetragonia tetragonioides,NHMSYS0000464380,1,1,1911,,,
Tetragonolobus maritimus,NBNSYS0000003263,1,1,1875,,,
Teucrium botrys,NBNSYS0000004266,1,1,1844,,,
Teucrium chamaedrys,NBNSYS0000004264,1,1,1710,,,
Thalictrum aquilegiifolium,NBNSYS0000034045,1,1,1905,,,
Thalictrum delavayi,NHMSYS0000464386,1,1,1978,,,
Thermopsis montana,NHMSYS0000464409,1,1,1925,,,
Thlaspi alliaceum,NBNSYS0000002842,1,1,1923,,,
Thlaspi macrophyllum,NBNSYS0000014028,1,1,1964,,,
Thuja plicata,NHMSYS0000464436,1,1,1954,,,
Thymus vulgaris,NBNSYS0000004977,1,1,1928,,,
Tolmiea menziesii,NHMSYS0000464471,1,1,1916,,,
Tordylium maximum,NBNSYS0000003713,1,1,1670,,,
Trachelium caeruleum,NBNSYS0000004294,1,1,1892,,,
Trachyspermum ammi,NBNSYS0000034163,1,1,1921,,,
Trachystemon orientalis,NHMSYS0000464510,1,1,1844,,,
Tradescantia fluminensis,NHMSYS0000464512,1,1,1982,,,
Tradescantia virginiana,NBNSYS0000014753,1,1,1965,,,
Tragopogon hybridus,NBNSYS0000033567,1,1,1922,,,
Tragopogon porrifolius,NBNSYS0000004531,1,1,1597,,,
Tragopogon pratensis subsp. pratensis,NHMSYS0000464519,1,1,1836,,,
Tragus australianus,NHMSYS0000464521,1,1,1953,,,
Tragus berteronianus,NHMSYS0000464522,1,1,1953,,,
Tragus racemosus,NHMSYS0000464523,1,1,1908,,,
Trifolium alexandrinum,NBNSYS0000014490,1,1,1897,,,
Trifolium angustifolium,NBNSYS0000014489,1,1,1876,,,
Trifolium aureum,NBNSYS0000003251,1,1,1838,,,
Trifolium cernuum,NBNSYS0000034240,1,1,1917,,,
Trifolium echinatum,NHMSYS0000464565,1,1,1878,,,
Trifolium hirtum,NBNSYS0000014603,1,1,1906,,,
Trifolium hybridum,NBNSYS0000003246,1,1,1762,,,
Trifolium incarnatum subsp. incarnatum,NBNSYS0000003236,1,1,1798,,,
Trifolium lappaceum,NBNSYS0000004922,1,1,1862,,,
Trifolium pannonicum,NBNSYS0000014013,1,1,1876,,,
Trifolium resupinatum,NBNSYS0000003249,1,1,1830,,,
Trifolium stellatum,NBNSYS0000003235,1,1,1804,,,
Trifolium tomentosum,NBNSYS0000014547,1,1,1880,,,
Trigonella caerulea,NBNSYS0000013986,1,1,1867,,,
Trigonella corniculata,NBNSYS0000014904,1,1,1874,,,
Trigonella foenum-graecum,NBNSYS0000014628,1,1,1863,,,
Tristagma uniflorum,NHMSYS0000464624,1,1,1921,,,
Triticum aestivum,NBNSYS0000002689,1,1,1891,,,
Triticum turgidum,NBNSYS0000014635,1,1,1887,,,
Tropaeolum majus,NBNSYS0000034299,1,1,1904,,,
Tropaeolum speciosum,NHMSYS0000464642,1,1,1950,,,
Tsuga heterophylla,NBNSYS0000004672,1,1,1959,,,
Tulipa gesneriana,NBNSYS0000004986,1,1,1955,,,
Tulipa saxatilis,NHMSYS0000464664,1,1,1976,,,
Tulipa sylvestris,NBNSYS0000002174,1,1,1790,,,
Ulmus laevis,NHMSYS0000464705,1,1,1943,,,
Urochloa panicoides,NHMSYS0000464730,1,1,1955,,,
Vaccaria hispanica,NHMSYS0000464752,1,1,1832,,,
Vaccinium corymbosum,NBNSYS0000033466,1,1,1980,,,
Vaccinium macrocarpon,NBNSYS0000003920,1,1,1859,,,
Valeriana pyrenaica,NBNSYS0000004344,1,1,1782,,,
Vallisneria spiralis,NBNSYS0000002118,1,1,1868,,,
Verbascum blattaria,NBNSYS0000004054,1,1,1629,,,
Verbascum bombyciferum,NBNSYS0000013989,1,1,1948,,,
Verbascum chaixii,NHMSYS0000464792,1,1,1892,,,
Verbascum densiflorum,NBNSYS0000004047,1,1,1921,,,
Verbascum phlomoides,NBNSYS0000004048,1,1,1836,,,
Verbascum phoeniceum,NBNSYS0000004057,1,1,1880,,,
Verbascum pyramidatum,NHMSYS0000464795,1,1,1922,,,
Verbascum speciosum,NHMSYS0000464797,1,1,1909,,,
Verbascum virgatum,NBNSYS0000004055,1,1,1787,,,
Verbena bonariensis,NBNSYS0000034355,1,1,1949,,,
Verbena rigida,NHMSYS0000464808,1,1,1937,,,
Veronica acinifolia,NBNSYS0000004117,1,1,1906,,,
Veronica austriaca,NBNSYS0000033980,1,1,1903,,,
Veronica crista-galli,NBNSYS0000004127,1,1,1888,,,
Veronica filiformis,NHMSYS0000464816,1,1,1838,,,
Veronica longifolia,NBNSYS0000004108,1,1,1910,,,
Veronica peregrina,NBNSYS0000004114,1,1,1836,,,
Veronica persica,NHMSYS0000464828,1,1,1825,,,
Veronica polita,NHMSYS0000464829,1,1,1777,,,
Veronica praecox,NBNSYS0000004118,1,1,1933,,,
Veronica repens,NHMSYS0000464830,1,1,1874,,,
Viburnum rhytidophyllum,NHMSYS0000464843,1,1,1968,,,
Viburnum tinus,NBNSYS0000004327,1,1,1916,,,
Vicia benghalensis,NBNSYS0000014517,1,1,1868,,,
Vicia faba,NBNSYS0000014122,1,1,1903,,,
Vicia narbonensis,NBNSYS0000003297,1,1,1890,,,
Vicia pannonica,NBNSYS0000013955,1,1,1866,,,
Vicia tenuifolia,NBNSYS0000003284,1,1,1859,,,
Vicia villosa,NBNSYS0000003285,1,1,1857,,,
Vigna radiata,NHMSYS0100003218,1,1,1971,,,
Vinca difformis,NHMSYS0000464871,1,1,1984,,,
Vinca major,NBNSYS0000003954,1,1,1650,,,
Viola cornuta,NBNSYS0000002942,1,1,1878,,,
Vitis vinifera,NBNSYS0000033646,1,1,1906,,,
Vulpia unilateralis,NBNSYS0000002543,1,1,1903,,,
Watsonia borbonica,NHMSYS0000464975,1,1,1971,,,
Weigela florida,NHMSYS0000464990,1,1,1928,,,
Xanthium ambrosioides,NBNSYS0000034404,1,1,1910,,,
Xanthium spinosum,NBNSYS0000004362,1,1,1846,,,
Xanthium strumarium,NBNSYS0000004361,1,1,1562,,,
Xanthocyparis nootkatensis,NHMSYS0020110594,1,1,1968,,,
Yucca recurvifolia,NBNSYS0000034315,1,1,1982,,,
Yushania anceps,NHMSYS0000465214,1,1,1961,,,
Zantedeschia aethiopica,NHMSYS0000465223,1,1,1952,,,
Zea mays,NBNSYS0000014190,1,1,1876,,,
